-- phpMyAdmin SQL Dump
-- version 4.7.4
-- https://www.phpmyadmin.net/
--
-- Host: 127.0.0.1
-- Generation Time: Apr 27, 2018 at 02:07 PM
-- Server version: 10.1.28-MariaDB
-- PHP Version: 5.6.32

SET SQL_MODE = "NO_AUTO_VALUE_ON_ZERO";
SET AUTOCOMMIT = 0;
START TRANSACTION;
SET time_zone = "+00:00";


/*!40101 SET @OLD_CHARACTER_SET_CLIENT=@@CHARACTER_SET_CLIENT */;
/*!40101 SET @OLD_CHARACTER_SET_RESULTS=@@CHARACTER_SET_RESULTS */;
/*!40101 SET @OLD_COLLATION_CONNECTION=@@COLLATION_CONNECTION */;
/*!40101 SET NAMES utf8mb4 */;

--
-- Database: `tugasakhir`
--

-- --------------------------------------------------------

--
-- Table structure for table `com_preferences`
--

CREATE TABLE `com_preferences` (
  `id` bigint(20) UNSIGNED NOT NULL,
  `label` varchar(100) DEFAULT NULL,
  `value` longtext
) ENGINE=InnoDB DEFAULT CHARSET=latin1;

--
-- Dumping data for table `com_preferences`
--

INSERT INTO `com_preferences` (`id`, `label`, `value`) VALUES
(1, 'about', '<p><strong>Orvala Beauty </strong>adalah onlineshop beautycare lokal (Indonesia) dari brand-brand kecantikan yang sudah terdaftar di BPOM. Berdiri sejak 2015 sebagai distributor resmi produk kecantikan, kami juga mendapatkan kepercayaan dari beberapa produsen brand-brand kecantikan. Semua produk yang dijual berkualitas dan terbukti laris manis di pasaran. Kami juga menyediakan berbagai kemudahan dalam melakukan transaksi. Visi dan misi Orvala Beauty yaitu menyediakan berbagai produk beautycare lokal original yang aman, terdaftar di BPOM, tersertifikasi halal oleh MUI dan telah terbukti dengan beragam manfaatnya. Kami percaya produk kecantikan yang kami jual dapat diterima oleh pelanggan. Kami siap menjadi solusi bagi semua pelanggan yang menginginkan kulit yang lebih bersih, kenyal, halus dan cerah. Produk yang kami jual sangat cocok untuk kulit khas wanita Indonesia yang beriklim tropis. Orvala Beauty juga menerima saran dan masukan dari para pelanggan untuk dapat lebih memuaskan pelanggan dan meningkatkan kualitas kami.</p>\r\n\r\n<h3><em><strong>Orvala Beauty, the beautiful choice for your true beauty</strong></em></h3>\r\n'),
(2, 'admin_email', 'tes@gmail.com'),
(3, 'admin_telepon', '(0274) 4477820'),
(4, 'admin_alamat', 'Jl. Ringroad Utara, Condongcatur, Kec. Depok, Kabupaten Sleman, Daerah Istimewa Yogyakarta 55281'),
(5, 'admin_layanan', '24 jam'),
(6, 'admin_maps', 'https://www.google.com/maps/embed?pb=!1m18!1m12!1m3!1d126514.88445696131!2d110.42278234104602!3d-7.727046135368836!2m3!1f0!2f0!3f0!3m2!1i1024!2i768!4f13.1!3m3!1m2!1s0x2e7a596c33d000df:0x8a14d2cf09eadb14!2skantor+Guru+Ngaji!5e0!3m2!1sid!2sid!4v1524564268421'),
(7, 'ongkir_province_id', '10'),
(8, 'ongkir_city_id', '41'),
(9, 'ongkir_province', 'Jawa Tengah'),
(10, 'ongkir_type', 'Kabupaten'),
(11, 'ongkir_city_name', 'Banyumas'),
(12, 'ongkir_postal_code', '53114');

-- --------------------------------------------------------

--
-- Table structure for table `data_alamat`
--

CREATE TABLE `data_alamat` (
  `id_alamat` int(20) NOT NULL,
  `nama` varchar(30) DEFAULT NULL,
  `no_hp` varchar(15) DEFAULT NULL,
  `detail_alamat` text,
  `id_kec` int(20) DEFAULT NULL,
  `nama_kec` varchar(255) DEFAULT NULL,
  `id_user` int(20) DEFAULT NULL
) ENGINE=InnoDB DEFAULT CHARSET=latin1;

--
-- Dumping data for table `data_alamat`
--

INSERT INTO `data_alamat` (`id_alamat`, `nama`, `no_hp`, `detail_alamat`, `id_kec`, `nama_kec`, `id_user`) VALUES
(1, 'banis', '1234', '-', 0, 'CONDONG CATUR', 11),
(2, 'bani', '123', 'ok', 0, 'CONDONG CATUR', 11);

-- --------------------------------------------------------

--
-- Table structure for table `data_promosi`
--

CREATE TABLE `data_promosi` (
  `id` tinyint(3) UNSIGNED NOT NULL,
  `url` varchar(255) DEFAULT NULL,
  `keterangan` longtext
) ENGINE=InnoDB DEFAULT CHARSET=latin1;

--
-- Dumping data for table `data_promosi`
--

INSERT INTO `data_promosi` (`id`, `url`, `keterangan`) VALUES
(1, 'uploads/banner_1.png', '1'),
(2, 'uploads/banner_2.png', '2');

-- --------------------------------------------------------

--
-- Table structure for table `data_user`
--

CREATE TABLE `data_user` (
  `id_user` int(20) NOT NULL,
  `email` varchar(30) NOT NULL,
  `password` varchar(255) NOT NULL,
  `level` enum('1','0') NOT NULL DEFAULT '0',
  `nama_lengkap` varchar(30) NOT NULL,
  `tgl_lahir` date NOT NULL,
  `jenis_kelamin` enum('Laki-laki','Perempuan') NOT NULL,
  `no_hp` varchar(15) NOT NULL,
  `mdb` varchar(10) DEFAULT NULL,
  `mdb_name` varchar(255) DEFAULT NULL,
  `mdd` datetime DEFAULT NULL
) ENGINE=InnoDB DEFAULT CHARSET=latin1;

--
-- Dumping data for table `data_user`
--

INSERT INTO `data_user` (`id_user`, `email`, `password`, `level`, `nama_lengkap`, `tgl_lahir`, `jenis_kelamin`, `no_hp`, `mdb`, `mdb_name`, `mdd`) VALUES
(1, 'yuni.zaetin@gmail.com', '6b9d6ba55e4f27b1eb5ab5ca05d160a4', '1', 'Yuni Zaetin', '1996-06-21', 'Perempuan', '0888564534', NULL, NULL, NULL),
(2, 'palupi@gmail.com', '455c5c66ce6304c118a76ad271384bd6', '0', 'palupi sapta', '1995-06-20', 'Perempuan', '088823576757', NULL, NULL, NULL),
(3, 'lalala@gmail.com', '9aa6e5f2256c17d2d430b100032b997c', '1', 'lalala', '1995-10-20', 'Perempuan', '0879676363773', NULL, NULL, NULL),
(5, 'caca@gmail.com', 'd2104a400c7f629a197f33bb33fe80c0', '0', 'caca', '2017-11-09', 'Perempuan', '06866', NULL, NULL, NULL),
(8, 'dd', '9dd4e461268c8034f5c8564e155c67a6', '0', 'dfghj', '2017-12-16', 'Laki-laki', '22', NULL, NULL, NULL),
(9, 'sfs', '8277e0910d750195b448797616e091ad', '0', 'ss', '2017-12-13', 'Perempuan', '2', NULL, NULL, NULL),
(10, 'x', 'c4ca4238a0b923820dcc509a6f75849b', '0', 'dd', '2018-04-02', 'Laki-laki', '111', NULL, 'front', '2018-04-14 00:56:55'),
(11, 'x@x.com', '81dc9bdb52d04dc20036dbd8313ed055', '0', 'x', '2018-04-22', 'Laki-laki', '1234', NULL, 'front', '2018-04-22 21:16:00');

-- --------------------------------------------------------

--
-- Table structure for table `detail_pembelian`
--

CREATE TABLE `detail_pembelian` (
  `id_detail` int(20) NOT NULL,
  `id_pembelian` int(20) DEFAULT NULL,
  `id_produk` int(20) DEFAULT NULL,
  `jumlah` int(10) DEFAULT NULL
) ENGINE=InnoDB DEFAULT CHARSET=latin1;

--
-- Dumping data for table `detail_pembelian`
--

INSERT INTO `detail_pembelian` (`id_detail`, `id_pembelian`, `id_produk`, `jumlah`) VALUES
(6, 4, 53, 1),
(7, 4, 41, 1);

-- --------------------------------------------------------

--
-- Table structure for table `kabupaten`
--

CREATE TABLE `kabupaten` (
  `id_kab` int(20) NOT NULL,
  `nama_kab` varchar(30) NOT NULL,
  `id_prov` int(20) NOT NULL
) ENGINE=InnoDB DEFAULT CHARSET=latin1;

--
-- Dumping data for table `kabupaten`
--

INSERT INTO `kabupaten` (`id_kab`, `nama_kab`, `id_prov`) VALUES
(1101, 'KAB SIMEULUE', 11),
(1102, 'KAB ACEH SINGKIL', 11),
(1103, 'KAB ACEH SELATAN', 11),
(1104, 'KAB ACEH TENGGARA', 11),
(1105, 'KAB ACEH TIMUR', 11),
(1106, 'KAB ACEH TENGAH', 11),
(1107, 'KAB ACEH BARAT', 11),
(1108, 'KAB ACEH BESAR', 11),
(1109, 'KAB PIDIE', 11),
(1110, 'KAB BIREUEN', 11),
(1111, 'KAB ACEH UTARA', 11),
(1112, 'KAB ACEH BARAT DAYA', 11),
(1113, 'KAB GAYO LUES', 11),
(1114, 'KAB ACEH TAMIANG', 11),
(1115, 'KAB NAGAN RAYA', 11),
(1116, 'KAB ACEH JAYA', 11),
(1117, 'KAB BENER MERIAH', 11),
(1118, 'KAB PIDIE JAYA', 11),
(1171, 'KOTA BANDA ACEH', 11),
(1172, 'KOTA SABANG', 11),
(1173, 'KOTA LANGSA', 11),
(1174, 'KOTA LHOKSEUMAWE', 11),
(1175, 'KOTA SUBULUSSALAM', 11),
(1201, 'KAB NIAS', 12),
(1202, 'KAB MANDAILING NATAL', 12),
(1203, 'KAB TAPANULI SELATAN', 12),
(1204, 'KAB TAPANULI TENGAH', 12),
(1205, 'KAB TAPANULI UTARA', 12),
(1206, 'KAB TOBA SAMOSIR', 12),
(1207, 'KAB LABUHAN BATU', 12),
(1208, 'KAB ASAHAN', 12),
(1209, 'KAB SIMALUNGUN', 12),
(1210, 'KAB DAIRI', 12),
(1211, 'KAB KARO', 12),
(1212, 'KAB DELI SERDANG', 12),
(1213, 'KAB LANGKAT', 12),
(1214, 'KAB NIAS SELATAN', 12),
(1215, 'KAB HUMBANG HASUNDUTAN', 12),
(1216, 'KAB PAKPAK BHARAT', 12),
(1217, 'KAB SAMOSIR', 12),
(1218, 'KAB SERDANG BEDAGAI', 12),
(1219, 'KAB BATU BARA', 12),
(1220, 'KAB PADANG LAWAS UTARA', 12),
(1221, 'KAB PADANG LAWAS', 12),
(1222, 'KAB LABUHAN BATU SELATAN', 12),
(1223, 'KAB LABUHAN BATU UTARA', 12),
(1224, 'KAB NIAS UTARA', 12),
(1225, 'KAB NIAS BARAT', 12),
(1271, 'KOTA SIBOLGA', 12),
(1272, 'KOTA TANJUNG BALAI', 12),
(1273, 'KOTA PEMATANG SIANTAR', 12),
(1274, 'KOTA TEBING TINGGI', 12),
(1275, 'KOTA MEDAN', 12),
(1276, 'KOTA BINJAI', 12),
(1277, 'KOTA PADANGSIDIMPUAN', 12),
(1278, 'KOTA GUNUNGSITOLI', 12),
(1301, 'KAB KEPULAUAN MENTAWAI', 13),
(1302, 'KAB PESISIR SELATAN', 13),
(1303, 'KAB SOLOK', 13),
(1304, 'KAB SIJUNJUNG', 13),
(1305, 'KAB TANAH DATAR', 13),
(1306, 'KAB PADANG PARIAMAN', 13),
(1307, 'KAB AGAM', 13),
(1308, 'KAB LIMA PULUH KOTA', 13),
(1309, 'KAB PASAMAN', 13),
(1310, 'KAB SOLOK SELATAN', 13),
(1311, 'KAB DHARMASRAYA', 13),
(1312, 'KAB PASAMAN BARAT', 13),
(1371, 'KOTA PADANG', 13),
(1372, 'KOTA SOLOK', 13),
(1373, 'KOTA SAWAH LUNTO', 13),
(1374, 'KOTA PADANG PANJANG', 13),
(1375, 'KOTA BUKITTINGGI', 13),
(1376, 'KOTA PAYAKUMBUH', 13),
(1377, 'KOTA PARIAMAN', 13),
(1401, 'KAB KUANTAN SINGINGI', 14),
(1402, 'KAB INDRAGIRI HULU', 14),
(1403, 'KAB INDRAGIRI HILIR', 14),
(1404, 'KAB PELALAWAN', 14),
(1405, 'KAB S I A K', 14),
(1406, 'KAB KAMPAR', 14),
(1407, 'KAB ROKAN HULU', 14),
(1408, 'KAB BENGKALIS', 14),
(1409, 'KAB ROKAN HILIR', 14),
(1410, 'KAB KEPULAUAN MERANTI', 14),
(1471, 'KOTA PEKANBARU', 14),
(1473, 'KOTA D U M A I', 14),
(1501, 'KAB KERINCI', 15),
(1502, 'KAB MERANGIN', 15),
(1503, 'KAB SAROLANGUN', 15),
(1504, 'KAB BATANG HARI', 15),
(1505, 'KAB MUARO JAMBI', 15),
(1506, 'KAB TANJUNG JABUNG TIMUR', 15),
(1507, 'KAB TANJUNG JABUNG BARAT', 15),
(1508, 'KAB TEBO', 15),
(1509, 'KAB BUNGO', 15),
(1571, 'KOTA JAMBI', 15),
(1572, 'KOTA SUNGAI PENUH', 15),
(1601, 'KAB OGAN KOMERING ULU', 16),
(1602, 'KAB OGAN KOMERING ILIR', 16),
(1603, 'KAB MUARA ENIM', 16),
(1604, 'KAB LAHAT', 16),
(1605, 'KAB MUSI RAWAS', 16),
(1606, 'KAB MUSI BANYUASIN', 16),
(1607, 'KAB BANYU ASIN', 16),
(1608, 'KAB OGAN KOMERING ULU SELATAN', 16),
(1609, 'KAB OGAN KOMERING ULU TIMUR', 16),
(1610, 'KAB OGAN ILIR', 16),
(1611, 'KAB EMPAT LAWANG', 16),
(1612, 'KAB PENUKAL ABAB LEMATANG ILIR', 16),
(1613, 'KAB MUSI RAWAS UTARA', 16),
(1671, 'KOTA PALEMBANG', 16),
(1672, 'KOTA PRABUMULIH', 16),
(1673, 'KOTA PAGAR ALAM', 16),
(1674, 'KOTA LUBUKLINGGAU', 16),
(1701, 'KAB BENGKULU SELATAN', 17),
(1702, 'KAB REJANG LEBONG', 17),
(1703, 'KAB BENGKULU UTARA', 17),
(1704, 'KAB KAUR', 17),
(1705, 'KAB SELUMA', 17),
(1706, 'KAB MUKOMUKO', 17),
(1707, 'KAB LEBONG', 17),
(1708, 'KAB KEPAHIANG', 17),
(1709, 'KAB BENGKULU TENGAH', 17),
(1771, 'KOTA BENGKULU', 17),
(1801, 'KAB LAMPUNG BARAT', 18),
(1802, 'KAB TANGGAMUS', 18),
(1803, 'KAB LAMPUNG SELATAN', 18),
(1804, 'KAB LAMPUNG TIMUR', 18),
(1805, 'KAB LAMPUNG TENGAH', 18),
(1806, 'KAB LAMPUNG UTARA', 18),
(1807, 'KAB WAY KANAN', 18),
(1808, 'KAB TULANGBAWANG', 18),
(1809, 'KAB PESAWARAN', 18),
(1810, 'KAB PRINGSEWU', 18),
(1811, 'KAB MESUJI', 18),
(1812, 'KAB TULANG BAWANG BARAT', 18),
(1813, 'KAB PESISIR BARAT', 18),
(1871, 'KOTA BANDAR LAMPUNG', 18),
(1872, 'KOTA METRO', 18),
(1901, 'KAB BANGKA', 19),
(1902, 'KAB BELITUNG', 19),
(1903, 'KAB BANGKA BARAT', 19),
(1904, 'KAB BANGKA TENGAH', 19),
(1905, 'KAB BANGKA SELATAN', 19),
(1906, 'KAB BELITUNG TIMUR', 19),
(1971, 'KOTA PANGKAL PINANG', 19),
(2101, 'KAB KARIMUN', 21),
(2102, 'KAB BINTAN', 21),
(2103, 'KAB NATUNA', 21),
(2104, 'KAB LINGGA', 21),
(2105, 'KAB KEPULAUAN ANAMBAS', 21),
(2171, 'KOTA B A T A M', 21),
(2172, 'KOTA TANJUNG PINANG', 21),
(3101, 'KAB KEPULAUAN SERIBU', 31),
(3171, 'KOTA JAKARTA SELATAN', 31),
(3172, 'KOTA JAKARTA TIMUR', 31),
(3173, 'KOTA JAKARTA PUSAT', 31),
(3174, 'KOTA JAKARTA BARAT', 31),
(3175, 'KOTA JAKARTA UTARA', 31),
(3201, 'KAB BOGOR', 32),
(3202, 'KAB SUKABUMI', 32),
(3203, 'KAB CIANJUR', 32),
(3204, 'KAB BANDUNG', 32),
(3205, 'KAB GARUT', 32),
(3206, 'KAB TASIKMALAYA', 32),
(3207, 'KAB CIAMIS', 32),
(3208, 'KAB KUNINGAN', 32),
(3209, 'KAB CIREBON', 32),
(3210, 'KAB MAJALENGKA', 32),
(3211, 'KAB SUMEDANG', 32),
(3212, 'KAB INDRAMAYU', 32),
(3213, 'KAB SUBANG', 32),
(3214, 'KAB PURWAKARTA', 32),
(3215, 'KAB KARAWANG', 32),
(3216, 'KAB BEKASI', 32),
(3217, 'KAB BANDUNG BARAT', 32),
(3218, 'KAB PANGANDARAN', 32),
(3271, 'KOTA BOGOR', 32),
(3272, 'KOTA SUKABUMI', 32),
(3273, 'KOTA BANDUNG', 32),
(3274, 'KOTA CIREBON', 32),
(3275, 'KOTA BEKASI', 32),
(3276, 'KOTA DEPOK', 32),
(3277, 'KOTA CIMAHI', 32),
(3278, 'KOTA TASIKMALAYA', 32),
(3279, 'KOTA BANJAR', 32),
(3301, 'KAB CILACAP', 33),
(3302, 'KAB BANYUMAS', 33),
(3303, 'KAB PURBALINGGA', 33),
(3304, 'KAB BANJARNEGARA', 33),
(3305, 'KAB KEBUMEN', 33),
(3306, 'KAB PURWOREJO', 33),
(3307, 'KAB WONOSOBO', 33),
(3308, 'KAB MAGELANG', 33),
(3309, 'KAB BOYOLALI', 33),
(3310, 'KAB KLATEN', 33),
(3311, 'KAB SUKOHARJO', 33),
(3312, 'KAB WONOGIRI', 33),
(3313, 'KAB KARANGANYAR', 33),
(3314, 'KAB SRAGEN', 33),
(3315, 'KAB GROBOGAN', 33),
(3316, 'KAB BLORA', 33),
(3317, 'KAB REMBANG', 33),
(3318, 'KAB PATI', 33),
(3319, 'KAB KUDUS', 33),
(3320, 'KAB JEPARA', 33),
(3321, 'KAB DEMAK', 33),
(3322, 'KAB SEMARANG', 33),
(3323, 'KAB TEMANGGUNG', 33),
(3324, 'KAB KENDAL', 33),
(3325, 'KAB BATANG', 33),
(3326, 'KAB PEKALONGAN', 33),
(3327, 'KAB PEMALANG', 33),
(3328, 'KAB TEGAL', 33),
(3329, 'KAB BREBES', 33),
(3371, 'KOTA MAGELANG', 33),
(3372, 'KOTA SURAKARTA', 33),
(3373, 'KOTA SALATIGA', 33),
(3374, 'KOTA SEMARANG', 33),
(3375, 'KOTA PEKALONGAN', 33),
(3376, 'KOTA TEGAL', 33),
(3401, 'KAB KULON PROGO', 34),
(3402, 'KAB BANTUL', 34),
(3403, 'KAB GUNUNG KIDUL', 34),
(3404, 'KAB SLEMAN', 34),
(3471, 'KOTA YOGYAKARTA', 34),
(3501, 'KAB PACITAN', 35),
(3502, 'KAB PONOROGO', 35),
(3503, 'KAB TRENGGALEK', 35),
(3504, 'KAB TULUNGAGUNG', 35),
(3505, 'KAB BLITAR', 35),
(3506, 'KAB KEDIRI', 35),
(3507, 'KAB MALANG', 35),
(3508, 'KAB LUMAJANG', 35),
(3509, 'KAB JEMBER', 35),
(3510, 'KAB BANYUWANGI', 35),
(3511, 'KAB BONDOWOSO', 35),
(3512, 'KAB SITUBONDO', 35),
(3513, 'KAB PROBOLINGGO', 35),
(3514, 'KAB PASURUAN', 35),
(3515, 'KAB SIDOARJO', 35),
(3516, 'KAB MOJOKERTO', 35),
(3517, 'KAB JOMBANG', 35),
(3518, 'KAB NGANJUK', 35),
(3519, 'KAB MADIUN', 35),
(3520, 'KAB MAGETAN', 35),
(3521, 'KAB NGAWI', 35),
(3522, 'KAB BOJONEGORO', 35),
(3523, 'KAB TUBAN', 35),
(3524, 'KAB LAMONGAN', 35),
(3525, 'KAB GRESIK', 35),
(3526, 'KAB BANGKALAN', 35),
(3527, 'KAB SAMPANG', 35),
(3528, 'KAB PAMEKASAN', 35),
(3529, 'KAB SUMENEP', 35),
(3571, 'KOTA KEDIRI', 35),
(3572, 'KOTA BLITAR', 35),
(3573, 'KOTA MALANG', 35),
(3574, 'KOTA PROBOLINGGO', 35),
(3575, 'KOTA PASURUAN', 35),
(3576, 'KOTA MOJOKERTO', 35),
(3577, 'KOTA MADIUN', 35),
(3578, 'KOTA SURABAYA', 35),
(3579, 'KOTA BATU', 35),
(3601, 'KAB PANDEGLANG', 36),
(3602, 'KAB LEBAK', 36),
(3603, 'KAB TANGERANG', 36),
(3604, 'KAB SERANG', 36),
(3671, 'KOTA TANGERANG', 36),
(3672, 'KOTA CILEGON', 36),
(3673, 'KOTA SERANG', 36),
(3674, 'KOTA TANGERANG SELATAN', 36),
(5101, 'KAB JEMBRANA', 51),
(5102, 'KAB TABANAN', 51),
(5103, 'KAB BADUNG', 51),
(5104, 'KAB GIANYAR', 51),
(5105, 'KAB KLUNGKUNG', 51),
(5106, 'KAB BANGLI', 51),
(5107, 'KAB KARANG ASEM', 51),
(5108, 'KAB BULELENG', 51),
(5171, 'KOTA DENPASAR', 51),
(5201, 'KAB LOMBOK BARAT', 52),
(5202, 'KAB LOMBOK TENGAH', 52),
(5203, 'KAB LOMBOK TIMUR', 52),
(5204, 'KAB SUMBAWA', 52),
(5205, 'KAB DOMPU', 52),
(5206, 'KAB BIMA', 52),
(5207, 'KAB SUMBAWA BARAT', 52),
(5208, 'KAB LOMBOK UTARA', 52),
(5225, 'Brebes', 33),
(5271, 'KOTA MATARAM', 52),
(5272, 'KOTA BIMA', 52),
(5301, 'KAB SUMBA BARAT', 53),
(5302, 'KAB SUMBA TIMUR', 53),
(5303, 'KAB KUPANG', 53),
(5304, 'KAB TIMOR TENGAH SELATAN', 53),
(5305, 'KAB TIMOR TENGAH UTARA', 53),
(5306, 'KAB BELU', 53),
(5307, 'KAB ALOR', 53),
(5308, 'KAB LEMBATA', 53),
(5309, 'KAB FLORES TIMUR', 53),
(5310, 'KAB SIKKA', 53),
(5311, 'KAB ENDE', 53),
(5312, 'KAB NGADA', 53),
(5313, 'KAB MANGGARAI', 53),
(5314, 'KAB ROTE NDAO', 53),
(5315, 'KAB MANGGARAI BARAT', 53),
(5316, 'KAB SUMBA TENGAH', 53),
(5317, 'KAB SUMBA BARAT DAYA', 53),
(5318, 'KAB NAGEKEO', 53),
(5319, 'KAB MANGGARAI TIMUR', 53),
(5320, 'KAB SABU RAIJUA', 53),
(5321, 'KAB MALAKA', 53),
(5371, 'KOTA KUPANG', 53),
(6101, 'KAB SAMBAS', 61),
(6102, 'KAB BENGKAYANG', 61),
(6103, 'KAB LANDAK', 61),
(6104, 'KAB MEMPAWAH', 61),
(6105, 'KAB SANGGAU', 61),
(6106, 'KAB KETAPANG', 61),
(6107, 'KAB SINTANG', 61),
(6108, 'KAB KAPUAS HULU', 61),
(6109, 'KAB SEKADAU', 61),
(6110, 'KAB MELAWI', 61),
(6111, 'KAB KAYONG UTARA', 61),
(6112, 'KAB KUBU RAYA', 61),
(6171, 'KOTA PONTIANAK', 61),
(6172, 'KOTA SINGKAWANG', 61),
(6201, 'KAB KOTAWARINGIN BARAT', 62),
(6202, 'KAB KOTAWARINGIN TIMUR', 62),
(6203, 'KAB KAPUAS', 62),
(6204, 'KAB BARITO SELATAN', 62),
(6205, 'KAB BARITO UTARA', 62),
(6206, 'KAB SUKAMARA', 62),
(6207, 'KAB LAMANDAU', 62),
(6208, 'KAB SERUYAN', 62),
(6209, 'KAB KATINGAN', 62),
(6210, 'KAB PULANG PISAU', 62),
(6211, 'KAB GUNUNG MAS', 62),
(6212, 'KAB BARITO TIMUR', 62),
(6213, 'KAB MURUNG RAYA', 62),
(6271, 'KOTA PALANGKA RAYA', 62),
(6301, 'KAB TANAH LAUT', 63),
(6302, 'KAB KOTA BARU', 63),
(6303, 'KAB BANJAR', 63),
(6304, 'KAB BARITO KUALA', 63),
(6305, 'KAB TAPIN', 63),
(6306, 'KAB HULU SUNGAI SELATAN', 63),
(6307, 'KAB HULU SUNGAI TENGAH', 63),
(6308, 'KAB HULU SUNGAI UTARA', 63),
(6309, 'KAB TABALONG', 63),
(6310, 'KAB TANAH BUMBU', 63),
(6311, 'KAB BALANGAN', 63),
(6371, 'KOTA BANJARMASIN', 63),
(6372, 'KOTA BANJAR BARU', 63),
(6401, 'KAB PASER', 64),
(6402, 'KAB KUTAI BARAT', 64),
(6403, 'KAB KUTAI KARTANEGARA', 64),
(6404, 'KAB KUTAI TIMUR', 64),
(6405, 'KAB BERAU', 64),
(6409, 'KAB PENAJAM PASER UTARA', 64),
(6411, 'KAB MAHAKAM HULU', 64),
(6471, 'KOTA BALIKPAPAN', 64),
(6472, 'KOTA SAMARINDA', 64),
(6474, 'KOTA BONTANG', 64),
(6501, 'KAB MALINAU', 65),
(6502, 'KAB BULUNGAN', 65),
(6503, 'KAB TANA TIDUNG', 65),
(6504, 'KAB NUNUKAN', 65),
(6571, 'KOTA TARAKAN', 65),
(7101, 'KAB BOLAANG MONGONDOW', 71),
(7102, 'KAB MINAHASA', 71),
(7103, 'KAB KEPULAUAN SANGIHE', 71),
(7104, 'KAB KEPULAUAN TALAUD', 71),
(7105, 'KAB MINAHASA SELATAN', 71),
(7106, 'KAB MINAHASA UTARA', 71),
(7107, 'KAB BOLAANG MONGONDOW UTARA', 71),
(7108, 'KAB SIAU TAGULANDANG BIARO', 71),
(7109, 'KAB MINAHASA TENGGARA', 71),
(7110, 'KAB BOLAANG MONGONDOW SELATAN', 71),
(7111, 'KAB BOLAANG MONGONDOW TIMUR', 71),
(7171, 'KOTA MANADO', 71),
(7172, 'KOTA BITUNG', 71),
(7173, 'KOTA TOMOHON', 71),
(7174, 'KOTA KOTAMOBAGU', 71),
(7201, 'KAB BANGGAI KEPULAUAN', 72),
(7202, 'KAB BANGGAI', 72),
(7203, 'KAB MOROWALI', 72),
(7204, 'KAB POSO', 72),
(7205, 'KAB DONGGALA', 72),
(7206, 'KAB TOLI-TOLI', 72),
(7207, 'KAB BUOL', 72),
(7208, 'KAB PARIGI MOUTONG', 72),
(7209, 'KAB TOJO UNA-UNA', 72),
(7210, 'KAB SIGI', 72),
(7211, 'KAB BANGGAI LAUT', 72),
(7212, 'KAB MOROWALI UTARA', 72),
(7271, 'KOTA PALU', 72),
(7301, 'KAB KEPULAUAN SELAYAR', 73),
(7302, 'KAB BULUKUMBA', 73),
(7303, 'KAB BANTAENG', 73),
(7304, 'KAB JENEPONTO', 73),
(7305, 'KAB TAKALAR', 73),
(7306, 'KAB GOWA', 73),
(7307, 'KAB SINJAI', 73),
(7308, 'KAB MAROS', 73),
(7309, 'KAB PANGKAJENE DAN KEPULAUAN', 73),
(7310, 'KAB BARRU', 73),
(7311, 'KAB BONE', 73),
(7312, 'KAB SOPPENG', 73),
(7313, 'KAB WAJO', 73),
(7314, 'KAB SIDENRENG RAPPANG', 73),
(7315, 'KAB PINRANG', 73),
(7316, 'KAB ENREKANG', 73),
(7317, 'KAB LUWU', 73),
(7318, 'KAB TANA TORAJA', 73),
(7322, 'KAB LUWU UTARA', 73),
(7325, 'KAB LUWU TIMUR', 73),
(7326, 'KAB TORAJA UTARA', 73),
(7371, 'KOTA MAKASSAR', 73),
(7372, 'KOTA PAREPARE', 73),
(7373, 'KOTA PALOPO', 73),
(7401, 'KAB BUTON', 74),
(7402, 'KAB MUNA', 74),
(7403, 'KAB KONAWE', 74),
(7404, 'KAB KOLAKA', 74),
(7405, 'KAB KONAWE SELATAN', 74),
(7406, 'KAB BOMBANA', 74),
(7407, 'KAB WAKATOBI', 74),
(7408, 'KAB KOLAKA UTARA', 74),
(7409, 'KAB BUTON UTARA', 74),
(7410, 'KAB KONAWE UTARA', 74),
(7411, 'KAB KOLAKA TIMUR', 74),
(7412, 'KAB KONAWE KEPULAUAN', 74),
(7413, 'KAB MUNA BARAT', 74),
(7414, 'KAB BUTON TENGAH', 74),
(7415, 'KAB BUTON SELATAN', 74),
(7471, 'KOTA KENDARI', 74),
(7472, 'KOTA BAUBAU', 74),
(7501, 'KAB BOALEMO', 75),
(7502, 'KAB GORONTALO', 75),
(7503, 'KAB POHUWATO', 75),
(7504, 'KAB BONE BOLANGO', 75),
(7505, 'KAB GORONTALO UTARA', 75),
(7571, 'KOTA GORONTALO', 75),
(7601, 'KAB MAJENE', 76),
(7602, 'KAB POLEWALI MANDAR', 76),
(7603, 'KAB MAMASA', 76),
(7604, 'KAB MAMUJU', 76),
(7605, 'KAB MAMUJU UTARA', 76),
(7606, 'KAB MAMUJU TENGAH', 76),
(8101, 'KAB MALUKU TENGGARA BARAT', 81),
(8102, 'KAB MALUKU TENGGARA', 81),
(8103, 'KAB MALUKU TENGAH', 81),
(8104, 'KAB BURU', 81),
(8105, 'KAB KEPULAUAN ARU', 81),
(8106, 'KAB SERAM BAGIAN BARAT', 81),
(8107, 'KAB SERAM BAGIAN TIMUR', 81),
(8108, 'KAB MALUKU BARAT DAYA', 81),
(8109, 'KAB BURU SELATAN', 81),
(8171, 'KOTA AMBON', 81),
(8172, 'KOTA TUAL', 81),
(8201, 'KAB HALMAHERA BARAT', 82),
(8202, 'KAB HALMAHERA TENGAH', 82),
(8203, 'KAB KEPULAUAN SULA', 82),
(8204, 'KAB HALMAHERA SELATAN', 82),
(8205, 'KAB HALMAHERA UTARA', 82),
(8206, 'KAB HALMAHERA TIMUR', 82),
(8207, 'KAB PULAU MOROTAI', 82),
(8208, 'KAB PULAU TALIABU', 82),
(8271, 'KOTA TERNATE', 82),
(8272, 'KOTA TIDORE KEPULAUAN', 82),
(9101, 'KAB FAKFAK', 91),
(9102, 'KAB KAIMANA', 91),
(9103, 'KAB TELUK WONDAMA', 91),
(9104, 'KAB TELUK BINTUNI', 91),
(9105, 'KAB MANOKWARI', 91),
(9106, 'KAB SORONG SELATAN', 91),
(9107, 'KAB SORONG', 91),
(9108, 'KAB RAJA AMPAT', 91),
(9109, 'KAB TAMBRAUW', 91),
(9110, 'KAB MAYBRAT', 91),
(9111, 'KAB MANOKWARI SELATAN', 91),
(9112, 'KAB PEGUNUNGAN ARFAK', 91),
(9171, 'KOTA SORONG', 91),
(9401, 'KAB MERAUKE', 94),
(9402, 'KAB JAYAWIJAYA', 94),
(9403, 'KAB JAYAPURA', 94),
(9404, 'KAB NABIRE', 94),
(9408, 'KAB KEPULAUAN YAPEN', 94),
(9409, 'KAB BIAK NUMFOR', 94),
(9410, 'KAB PANIAI', 94),
(9411, 'KAB PUNCAK JAYA', 94),
(9412, 'KAB MIMIKA', 94),
(9413, 'KAB BOVEN DIGOEL', 94),
(9414, 'KAB MAPPI', 94),
(9415, 'KAB ASMAT', 94),
(9416, 'KAB YAHUKIMO', 94),
(9417, 'KAB PEGUNUNGAN BINTANG', 94),
(9418, 'KAB TOLIKARA', 94),
(9419, 'KAB SARMI', 94),
(9420, 'KAB KEEROM', 94),
(9426, 'KAB WAROPEN', 94),
(9427, 'KAB SUPIORI', 94),
(9428, 'KAB MAMBERAMO RAYA', 94),
(9429, 'KAB NDUGA', 94),
(9430, 'KAB LANNY JAYA', 94),
(9431, 'KAB MAMBERAMO TENGAH', 94),
(9432, 'KAB YALIMO', 94),
(9433, 'KAB PUNCAK', 94),
(9434, 'KAB DOGIYAI', 94),
(9435, 'KAB INTAN JAYA', 94),
(9436, 'KAB DEIYAI', 94),
(9471, 'KOTA JAYAPURA', 94);

-- --------------------------------------------------------

--
-- Table structure for table `kecamatan`
--

CREATE TABLE `kecamatan` (
  `id_kec` int(20) NOT NULL,
  `nama_kec` varchar(30) NOT NULL,
  `id_kab` int(20) NOT NULL
) ENGINE=InnoDB DEFAULT CHARSET=latin1;

--
-- Dumping data for table `kecamatan`
--

INSERT INTO `kecamatan` (`id_kec`, `nama_kec`, `id_kab`) VALUES
(0, 'CONDONG CATUR', 3404),
(50107, 'Balong Panggang', 3525),
(50116, 'Ujung Pangkah', 3525),
(50207, 'Candi', 3515),
(70131, 'Pagar Marbau', 1212),
(70132, 'STM Hilir', 1212),
(70218, 'Berandan Barat', 1213),
(70222, 'Serapit', 1213),
(70301, 'Merdinding', 1211),
(70311, 'Tiga Panah', 1211),
(70313, 'Barus Jahe', 1211),
(70405, 'Girsang Simpangan Bolon', 1209),
(70406, 'Tanah Jawa', 1209),
(70422, 'Panombeian Pane', 1209),
(70423, 'Gunung Malela', 1209),
(70431, 'Pamatang Silima Huta', 1209),
(70506, 'Pegangan Hilir', 1210),
(70511, 'Tigalingga', 1210),
(70514, 'Gunung Stember', 1210),
(70630, 'Silo Laut', 1208),
(72103, 'Sipispis', 1218),
(1101010, 'TEUPAH SELATAN', 1101),
(1101020, 'SIMEULUE TIMUR', 1101),
(1101021, 'TEUPAH BARAT', 1101),
(1101022, 'TEUPAH TENGAH', 1101),
(1101030, 'SIMEULUE TENGAH', 1101),
(1101031, 'TELUK DALAM', 1101),
(1101032, 'SIMEULUE CUT', 1101),
(1101040, 'SALANG', 1101),
(1101050, 'SIMEULUE BARAT', 1101),
(1101051, 'ALAFAN', 1101),
(1102010, 'PULAU BANYAK', 1102),
(1102011, 'PULAU BANYAK BARAT', 1102),
(1102020, 'SINGKIL', 1102),
(1102021, 'SINGKIL UTARA', 1102),
(1102022, 'KUALA BARU', 1102),
(1102030, 'SIMPANG KANAN', 1102),
(1102031, 'GUNUNG MERIAH', 1102),
(1102032, 'DANAU PARIS', 1102),
(1102033, 'SURO', 1102),
(1102042, 'SINGKOHOR', 1102),
(1102043, 'KOTA BAHARU', 1102),
(1103010, 'TRUMON', 1103),
(1103011, 'TRUMON TIMUR', 1103),
(1103012, 'TRUMON TENGAH', 1103),
(1103020, 'BAKONGAN', 1103),
(1103021, 'BAKONGAN TIMUR', 1103),
(1103022, 'KOTA BAHAGIA', 1103),
(1103030, 'KLUET SELATAN', 1103),
(1103031, 'KLUET TIMUR', 1103),
(1103040, 'KLUET UTARA', 1103),
(1103041, 'PASIE RAJA', 1103),
(1103042, 'KLUET TENGAH', 1103),
(1103050, 'TAPAK TUAN', 1103),
(1103060, 'SAMA DUA', 1103),
(1103070, 'SAWANG', 1103),
(1103080, 'MEUKEK', 1103),
(1103090, 'LABUHAN HAJI', 1103),
(1103091, 'LABUHAN HAJI TIMUR', 1103),
(1103092, 'LABUHAN HAJI BARAT', 1103),
(1104010, 'LAWE ALAS', 1104),
(1104011, 'BABUL RAHMAH', 1104),
(1104012, 'TANOH ALAS', 1104),
(1104020, 'LAWE SIGALA-GALA', 1104),
(1104021, 'BABUL MAKMUR', 1104),
(1104022, 'SEMADAM', 1104),
(1104023, 'LAUSER', 1104),
(1104030, 'BAMBEL', 1104),
(1104031, 'BUKIT TUSAM', 1104),
(1104032, 'LAWE SUMUR', 1104),
(1104040, 'BABUSSALAM', 1104),
(1104041, 'LAWE BULAN', 1104),
(1104050, 'BADAR', 1104),
(1104051, 'DARUL HASANAH', 1104),
(1104052, 'KETAMBE', 1104),
(1104053, 'DELENG POKHKISEN', 1104),
(1105080, 'SERBA JADI', 1105),
(1105081, 'SIMPANG JERNIH', 1105),
(1105082, 'PEUNARON', 1105),
(1105090, 'BIREM BAYEUN', 1105),
(1105100, 'RANTAU SELAMAT', 1105),
(1105101, 'SUNGAI RAYA', 1105),
(1105110, 'PEUREULAK', 1105),
(1105111, 'PEUREULAK TIMUR', 1105),
(1105112, 'PEUREULAK BARAT', 1105),
(1105120, 'RANTO PEUREULAK', 1105),
(1105130, 'IDI RAYEUK', 1105),
(1105131, 'PEUDAWA', 1105),
(1105132, 'BANDA ALAM', 1105),
(1105133, 'IDI TUNONG', 1105),
(1105134, 'DARUL IHSAN', 1105),
(1105135, 'IDI TIMUR', 1105),
(1105140, 'DARUL AMAN', 1105),
(1105150, 'NURUSSALAM', 1105),
(1105151, 'DARUL FALAH', 1105),
(1105160, 'JULOK', 1105),
(1105161, 'INDRA MAKMUR', 1105),
(1105170, 'PANTE BIDARI', 1105),
(1105180, 'SIMPANG ULIM', 1105),
(1105181, 'MADAT', 1105),
(1106010, 'LINGE', 1106),
(1106011, 'ATU LINTANG', 1106),
(1106012, 'JAGONG JEGET', 1106),
(1106020, 'BINTANG', 1106),
(1106031, 'LUT TAWAR', 1106),
(1106032, 'KEBAYAKAN', 1106),
(1106040, 'PEGASING', 1106),
(1106041, 'BIES', 1106),
(1106050, 'BEBESEN', 1106),
(1106051, 'KUTE PANANG', 1106),
(1106060, 'SILIH NARA', 1106),
(1106061, 'KETOL', 1106),
(1106062, 'CELALA', 1106),
(1106063, 'RUSIP ANTARA', 1106),
(1107050, 'JOHAN PAHLAWAN', 1107),
(1107060, 'SAMATIGA', 1107),
(1107061, 'BUBON', 1107),
(1107062, 'ARONGAN LAMBALEK', 1107),
(1107070, 'WOYLA', 1107),
(1107071, 'WOYLA BARAT', 1107),
(1107072, 'WOYLA TIMUR', 1107),
(1107080, 'KAWAY XVI', 1107),
(1107081, 'MEUREUBO', 1107),
(1107082, 'PANTAI CEUREMEN', 1107),
(1107083, 'PANTON REU', 1107),
(1107090, 'SUNGAI MAS', 1107),
(1108010, 'LHOONG', 1108),
(1108020, 'LHOKNGA', 1108),
(1108021, 'LEUPUNG', 1108),
(1108030, 'INDRAPURI', 1108),
(1108031, 'KUTA COT GLIE', 1108),
(1108040, 'SEULIMEUM', 1108),
(1108041, 'KOTA JANTHO', 1108),
(1108042, 'LEMBAH SEULAWAH', 1108),
(1108050, 'MESJID RAYA', 1108),
(1108060, 'DARUSSALAM', 1108),
(1108061, 'BAITUSSALAM', 1108),
(1108070, 'KUTA BARO', 1108),
(1108080, 'MONTASIK', 1108),
(1108081, 'BLANG BINTANG', 1108),
(1108090, 'INGIN JAYA', 1108),
(1108091, 'KRUENG BARONA JAYA', 1108),
(1108100, 'SUKA MAKMUR', 1108),
(1108101, 'KUTA MALAKA', 1108),
(1108102, 'SIMPANG TIGA', 1108),
(1108110, 'DARUL IMARAH', 1108),
(1108111, 'DARUL KAMAL', 1108),
(1108120, 'PEUKAN BADA', 1108),
(1108130, 'PULO ACEH', 1108),
(1109010, 'GEUMPANG', 1109),
(1109011, 'MANE', 1109),
(1109070, 'GLUMPANG TIGA', 1109),
(1109071, 'GLUMPANG BARO', 1109),
(1109080, 'MUTIARA', 1109),
(1109081, 'MUTIARA TIMUR', 1109),
(1109090, 'TIRO/TRUSEB', 1109),
(1109100, 'TANGSE', 1109),
(1109111, 'KEUMALA', 1109),
(1109112, 'TITEUE', 1109),
(1109120, 'SAKTI', 1109),
(1109130, 'MILA', 1109),
(1109140, 'PADANG TIJI', 1109),
(1109150, 'DELIMA', 1109),
(1109151, 'GRONG GRONG', 1109),
(1109160, 'INDRAJAYA', 1109),
(1109170, 'PEUKAN BARO', 1109),
(1109180, 'KEMBANG TANJONG', 1109),
(1109190, 'SIMPANG TIGA', 1109),
(1109200, 'KOTA SIGLI', 1109),
(1109210, 'PIDIE', 1109),
(1109220, 'BATEE', 1109),
(1109230, 'MUARA TIGA', 1109),
(1110010, 'SAMALANGA', 1110),
(1110011, 'SIMPANG MAMPLAM', 1110),
(1110020, 'PANDRAH', 1110),
(1110030, 'JEUNIEB', 1110),
(1110031, 'PEULIMBANG', 1110),
(1110040, 'PEUDADA', 1110),
(1110050, 'JULI', 1110),
(1110060, 'JEUMPA', 1110),
(1110061, 'KOTA JUANG', 1110),
(1110062, 'KUALA', 1110),
(1110070, 'JANGKA', 1110),
(1110080, 'PEUSANGAN', 1110),
(1110081, 'PEUSANGAN SELATAN', 1110),
(1110082, 'PEUSANGAN SIBLAH KRUENG', 1110),
(1110090, 'MAKMUR', 1110),
(1110100, 'GANDA PURA', 1110),
(1110101, 'KUTA BLANG', 1110),
(1111010, 'SAWANG', 1111),
(1111020, 'NISAM', 1111),
(1111021, 'NISAM ANTARA', 1111),
(1111022, 'BANDA BARO', 1111),
(1111030, 'KUTA MAKMUR', 1111),
(1111031, 'SIMPANG KERAMAT', 1111),
(1111040, 'SYAMTALIRA BAYU', 1111),
(1111041, 'GEUREUDONG PASE', 1111),
(1111050, 'MEURAH MULIA', 1111),
(1111060, 'MATANGKULI', 1111),
(1111061, 'PAYA BAKONG', 1111),
(1111062, 'PIRAK TIMU', 1111),
(1111070, 'COT GIREK', 1111),
(1111080, 'TANAH JAMBO AYE', 1111),
(1111081, 'LANGKAHAN', 1111),
(1111090, 'SEUNUDDON', 1111),
(1111100, 'BAKTIYA', 1111),
(1111101, 'BAKTIYA BARAT', 1111),
(1111110, 'LHOKSUKON', 1111),
(1111120, 'TANAH LUAS', 1111),
(1111121, 'NIBONG', 1111),
(1111130, 'SAMUDERA', 1111),
(1111140, 'SYAMTALIRA ARON', 1111),
(1111150, 'TANAH PASIR', 1111),
(1111151, 'LAPANG', 1111),
(1111160, 'MUARA BATU', 1111),
(1111170, 'DEWANTARA', 1111),
(1112010, 'MANGGENG', 1112),
(1112011, 'LEMBAH SABIL', 1112),
(1112020, 'TANGAN-TANGAN', 1112),
(1112021, 'SETIA', 1112),
(1112030, 'BLANG PIDIE', 1112),
(1112031, 'JEUMPA', 1112),
(1112040, 'SUSOH', 1112),
(1112050, 'KUALA BATEE', 1112),
(1112060, 'BABAH ROT', 1112),
(1113010, 'KUTA PANJANG', 1113),
(1113011, 'BLANG JERANGO', 1113),
(1113020, 'BLANGKEJEREN', 1113),
(1113021, 'PUTRI BETUNG', 1113),
(1113022, 'DABUN GELANG', 1113),
(1113023, 'BLANG PEGAYON', 1113),
(1113030, 'PINING', 1113),
(1113040, 'RIKIT GAIB', 1113),
(1113041, 'PANTAN CUACA', 1113),
(1113050, 'TERANGUN', 1113),
(1113051, 'TRIPE JAYA', 1113),
(1114010, 'TAMIANG HULU', 1114),
(1114011, 'BANDAR PUSAKA', 1114),
(1114020, 'KEJURUAN MUDA', 1114),
(1114021, 'TENGGULUN', 1114),
(1114030, 'RANTAU', 1114),
(1114040, 'KOTA KUALA SIMPANG', 1114),
(1114050, 'SERUWAY', 1114),
(1114060, 'BENDAHARA', 1114),
(1114061, 'BANDA MULIA', 1114),
(1114070, 'KARANG BARU', 1114),
(1114071, 'SEKERAK', 1114),
(1114080, 'MANYAK PAYED', 1114),
(1115010, 'DARUL MAKMUR', 1115),
(1115011, 'TRIPA MAKMUR', 1115),
(1115020, 'KUALA', 1115),
(1115021, 'KUALA PESISIR', 1115),
(1115022, 'TADU RAYA', 1115),
(1115030, 'BEUTONG', 1115),
(1115031, 'BEUTONG ATEUH BANGGALANG', 1115),
(1115040, 'SEUNAGAN', 1115),
(1115041, 'SUKA MAKMUE', 1115),
(1115050, 'SEUNAGAN TIMUR', 1115),
(1116010, 'TEUNOM', 1116),
(1116011, 'PASIE RAYA', 1116),
(1116020, 'PANGA', 1116),
(1116030, 'KRUENG SABEE', 1116),
(1116040, 'SETIA BAKTI', 1116),
(1116050, 'SAMPOINIET', 1116),
(1116051, 'DARUL HIKMAH', 1116),
(1116060, 'JAYA', 1116),
(1116061, 'INDRA JAYA', 1116),
(1117010, 'TIMANG GAJAH', 1117),
(1117011, 'GAJAH PUTIH', 1117),
(1117020, 'PINTU RIME GAYO', 1117),
(1117030, 'BUKIT', 1117),
(1117040, 'WIH PESAM', 1117),
(1117050, 'BANDAR', 1117),
(1117051, 'BENER KELIPAH', 1117),
(1117060, 'SYIAH UTAMA', 1117),
(1117061, 'MESIDAH', 1117),
(1117070, 'PERMATA', 1117),
(1118010, 'MEUREUDU', 1118),
(1118020, 'MEURAH DUA', 1118),
(1118030, 'BANDAR DUA', 1118),
(1118040, 'JANGKA BUYA', 1118),
(1118050, 'ULIM', 1118),
(1118060, 'TRIENGGADENG', 1118),
(1118070, 'PANTERAJA', 1118),
(1118080, 'BANDAR BARU', 1118),
(1171010, 'MEURAXA', 1171),
(1171011, 'JAYA BARU', 1171),
(1171012, 'BANDA RAYA', 1171),
(1171020, 'BAITURRAHMAN', 1171),
(1171021, 'LUENG BATA', 1171),
(1171030, 'KUTA ALAM', 1171),
(1171031, 'KUTA RAJA', 1171),
(1171040, 'SYIAH KUALA', 1171),
(1171041, 'ULEE KARENG', 1171),
(1172010, 'SUKAJAYA', 1172),
(1172020, 'SUKAKARYA', 1172),
(1173010, 'LANGSA TIMUR', 1173),
(1173011, 'LANGSA LAMA', 1173),
(1173020, 'LANGSA BARAT', 1173),
(1173021, 'LANGSA BARO', 1173),
(1173030, 'LANGSA KOTA', 1173),
(1174010, 'BLANG MANGAT', 1174),
(1174020, 'MUARA DUA', 1174),
(1174021, 'MUARA SATU', 1174),
(1174030, 'BANDA SAKTI', 1174),
(1175010, 'SIMPANG KIRI', 1175),
(1175020, 'PENANGGALAN', 1175),
(1175030, 'RUNDENG', 1175),
(1175040, 'SULTAN DAULAT', 1175),
(1175050, 'LONGKIB', 1175),
(1201060, 'IDANO GAWO', 1201),
(1201061, 'BAWOLATO', 1201),
(1201062, 'ULUGAWO', 1201),
(1201070, 'GIDO', 1201),
(1201071, 'SOGAEADU', 1201),
(1201081, 'MA U', 1201),
(1201082, 'SOMOLO - MOLO', 1201),
(1201130, 'HILIDUHO', 1201),
(1201131, 'HILI SERANGKAI', 1201),
(1201132, 'BOTOMUZOI', 1201),
(1202010, 'BATAHAN', 1202),
(1202011, 'SINUNUKAN', 1202),
(1202020, 'BATANG NATAL', 1202),
(1202021, 'LINGGA BAYU', 1202),
(1202022, 'RANTO BAEK', 1202),
(1202030, 'KOTANOPAN', 1202),
(1202031, 'ULU PUNGKUT', 1202),
(1202032, 'TAMBANGAN', 1202),
(1202033, 'LEMBAH SORIK MARAPI', 1202),
(1202034, 'PUNCAK SORIK MARAPI', 1202),
(1202040, 'MUARA SIPONGI', 1202),
(1202041, 'PAKANTAN', 1202),
(1202050, 'PANYABUNGAN', 1202),
(1202051, 'PANYABUNGAN SELATAN', 1202),
(1202052, 'PANYABUNGAN BARAT', 1202),
(1202053, 'PANYABUNGAN UTARA', 1202),
(1202054, 'PANYABUNGAN TIMUR', 1202),
(1202055, 'HUTA BARGOT', 1202),
(1202060, 'NATAL', 1202),
(1202070, 'MUARA BATANG GADIS', 1202),
(1202080, 'SIABU', 1202),
(1202081, 'BUKIT MALINTANG', 1202),
(1202082, 'NAGA JUANG', 1202),
(1203010, 'BATANG ANGKOLA', 1203),
(1203011, 'SAYUR MATINGGI', 1203),
(1203012, 'TANO TOMBANGAN ANGKOLA', 1203),
(1203070, 'ANGKOLA TIMUR', 1203),
(1203080, 'ANGKOLA SELATAN', 1203),
(1203090, 'ANGKOLA  BARAT', 1203),
(1203091, 'ANGKOLA SANGKUNUR', 1203),
(1203100, 'BATANG TORU', 1203),
(1203101, 'MARANCAR', 1203),
(1203102, 'MUARA BATANG TORU', 1203),
(1203110, 'SIPIROK', 1203),
(1203120, 'ARSE', 1203),
(1203160, 'SAIPAR DOLOK HOLE', 1203),
(1203161, 'AEK BILAH', 1203),
(1204010, 'PINANG SORI', 1204),
(1204011, 'BADIRI', 1204),
(1204020, 'SIBABANGUN', 1204),
(1204021, 'LUMUT', 1204),
(1204022, 'SUKABANGUN', 1204),
(1204030, 'PANDAN', 1204),
(1204031, 'TUKKA', 1204),
(1204032, 'SARUDIK', 1204),
(1204040, 'TAPIAN NAULI', 1204),
(1204041, 'SITAHUIS', 1204),
(1204050, 'KOLANG', 1204),
(1204060, 'SORKAM', 1204),
(1204061, 'SORKAM BARAT', 1204),
(1204062, 'PASARIBU TOBING', 1204),
(1204070, 'BARUS', 1204),
(1204071, 'SOSOR GADONG', 1204),
(1204072, 'ANDAM DEWI', 1204),
(1204073, 'BARUS UTARA', 1204),
(1204080, 'MANDUAMAS', 1204),
(1204081, 'SIRANDORUNG', 1204),
(1205030, 'PARMONANGAN', 1205),
(1205040, 'ADIAN KOTING', 1205),
(1205050, 'SIPOHOLON', 1205),
(1205060, 'TARUTUNG', 1205),
(1205061, 'SIATAS BARITA', 1205),
(1205070, 'PAHAE JULU', 1205),
(1205080, 'PAHAE JAE', 1205),
(1205081, 'PURBATUA', 1205),
(1205082, 'SIMANGUMBAN', 1205),
(1205090, 'PANGARIBUAN', 1205),
(1205100, 'GAROGA', 1205),
(1205110, 'SIPAHUTAR', 1205),
(1205120, 'SIBORONG-BORONG', 1205),
(1205130, 'PAGARAN', 1205),
(1205180, 'MUARA', 1205),
(1206030, 'BALIGE', 1206),
(1206031, 'TAMPAHAN', 1206),
(1206040, 'LAGUBOTI', 1206),
(1206050, 'HABINSARAN', 1206),
(1206051, 'BORBOR', 1206),
(1206052, 'NASSAU', 1206),
(1206060, 'SILAEN', 1206),
(1206061, 'SIGUMPAR', 1206),
(1206070, 'PORSEA', 1206),
(1206071, 'PINTU POHAN MERANTI', 1206),
(1206072, 'SIANTAR NARUMONDA', 1206),
(1206073, 'PARMAKSIAN', 1206),
(1206080, 'LUMBAN JULU', 1206),
(1206081, 'ULUAN', 1206),
(1206082, 'AJIBATA', 1206),
(1206083, 'BONATUA LUNASI', 1206),
(1207050, 'BILAH HULU', 1207),
(1207070, 'PANGKATAN', 1207),
(1207080, 'BILAH BARAT', 1207),
(1207130, 'BILAH HILIR', 1207),
(1207140, 'PANAI HULU', 1207),
(1207150, 'PANAI TENGAH', 1207),
(1207160, 'PANAI HILIR', 1207),
(1207210, 'RANTAU SELATAN', 1207),
(1207220, 'RANTAU UTARA', 1207),
(1208010, 'BANDAR PASIR MANDOGE', 1208),
(1208020, 'BANDAR PULAU', 1208),
(1208021, 'AEK SONGSONGAN', 1208),
(1208022, 'RAHUNING', 1208),
(1208030, 'PULAU RAKYAT', 1208),
(1208031, 'AEK KUASAN', 1208),
(1208032, 'AEK LEDONG', 1208),
(1208040, 'SEI KEPAYANG', 1208),
(1208041, 'SEI KEPAYANG BARAT', 1208),
(1208042, 'SEI KEPAYANG TIMUR', 1208),
(1208050, 'TANJUNG BALAI', 1208),
(1208060, 'SIMPANG EMPAT', 1208),
(1208061, 'TELUK DALAM', 1208),
(1208070, 'AIR BATU', 1208),
(1208071, 'SEI DADAP', 1208),
(1208080, 'BUNTU PANE', 1208),
(1208081, 'TINGGI RAJA', 1208),
(1208082, 'SETIA JANJI', 1208),
(1208090, 'MERANTI', 1208),
(1208091, 'PULO BANDRING', 1208),
(1208092, 'RAWANG PANCA ARGA', 1208),
(1208100, 'AIR JOMAN', 1208),
(1208101, 'SILAU LAUT', 1208),
(1208160, 'KISARAN BARAT', 1208),
(1208170, 'KISARAN TIMUR', 1208),
(1209010, 'SILIMAKUTA', 1209),
(1209011, 'PEMATANG SILIMAHUTA', 1209),
(1209020, 'PURBA', 1209),
(1209021, 'HARANGGAOL HORISON', 1209),
(1209030, 'DOLOK PARDAMEAN', 1209),
(1209040, 'SIDAMANIK', 1209),
(1209041, 'PEMATANG SIDAMANIK', 1209),
(1209050, 'GIRSANG SIPANGAN BOLON', 1209),
(1209060, 'TANAH JAWA', 1209),
(1209061, 'HATONDUHAN', 1209),
(1209070, 'DOLOK PANRIBUAN', 1209),
(1209080, 'JORLANG HATARAN', 1209),
(1209090, 'PANEI', 1209),
(1209091, 'PANOMBEAN PANEI', 1209),
(1209100, 'RAYA', 1209),
(1209110, 'DOLOK SILAU', 1209),
(1209120, 'SILAU KAHEAN', 1209),
(1209130, 'RAYA KAHEAN', 1209),
(1209140, 'TAPIAN DOLOK', 1209),
(1209150, 'DOLOK BATU NANGGAR', 1209),
(1209160, 'SIANTAR', 1209),
(1209161, 'GUNUNG MALELA', 1209),
(1209162, 'GUNUNG MALIGAS', 1209),
(1209170, 'HUTABAYU RAJA', 1209),
(1209171, 'JAWA MARAJA BAH JAMBI', 1209),
(1209180, 'PEMATANG BANDAR', 1209),
(1209181, 'BANDAR HULUAN', 1209),
(1209190, 'BANDAR', 1209),
(1209191, 'BANDAR MASILAM', 1209),
(1209200, 'BOSAR MALIGAS', 1209),
(1209210, 'UJUNG PADANG', 1209),
(1210030, 'SIDIKALANG', 1210),
(1210031, 'BERAMPU', 1210),
(1210032, 'SITINJO', 1210),
(1210040, 'PARBULUAN', 1210),
(1210050, 'SUMBUL', 1210),
(1210051, 'SILAHI SABUNGAN', 1210),
(1210060, 'SILIMA PUNGGA-PUNGGA', 1210),
(1210061, 'LAE PARIRA', 1210),
(1210070, 'SIEMPAT NEMPU', 1210),
(1210080, 'SIEMPAT NEMPU HULU', 1210),
(1210090, 'SIEMPAT NEMPU HILIR', 1210),
(1210100, 'TIGA LINGGA', 1210),
(1210101, 'GUNUNG SITEMBER', 1210),
(1210110, 'PEGAGAN HILIR', 1210),
(1210120, 'TANAH PINEM', 1210),
(1211010, 'MARDINGDING', 1211),
(1211020, 'LAUBALENG', 1211),
(1211030, 'TIGA BINANGA', 1211),
(1211040, 'JUHAR', 1211),
(1211050, 'MUNTE', 1211),
(1211060, 'KUTA BULUH', 1211),
(1211070, 'PAYUNG', 1211),
(1211071, 'TIGANDERKET', 1211),
(1211080, 'SIMPANG EMPAT', 1211),
(1211081, 'NAMAN TERAN', 1211),
(1211082, 'MERDEKA', 1211),
(1211090, 'KABANJAHE', 1211),
(1211100, 'BERASTAGI', 1211),
(1211110, 'TIGAPANAH', 1211),
(1211111, 'DOLAT RAYAT', 1211),
(1211120, 'MEREK', 1211),
(1211130, 'BARUSJAHE', 1211),
(1212010, 'GUNUNG MERIAH', 1212),
(1212020, 'SINEMBAH TANJUNG MUDA HULU', 1212),
(1212030, 'SIBOLANGIT', 1212),
(1212040, 'KUTALIMBARU', 1212),
(1212050, 'PANCUR BATU', 1212),
(1212060, 'NAMO RAMBE', 1212),
(1212070, 'BIRU-BIRU', 1212),
(1212080, 'SINEMBAH TANJUNG MUDA HILIR', 1212),
(1212090, 'BANGUN PURBA', 1212),
(1212190, 'GALANG', 1212),
(1212200, 'TANJUNG MORAWA', 1212),
(1212210, 'PATUMBAK', 1212),
(1212220, 'DELI TUA', 1212),
(1212230, 'SUNGGAL', 1212),
(1212240, 'HAMPARAN PERAK', 1212),
(1212250, 'LABUHAN DELI', 1212),
(1212260, 'PERCUT SEI TUAN', 1212),
(1212270, 'BATANG KUIS', 1212),
(1212280, 'PANTAI LABU', 1212),
(1212290, 'BERINGIN', 1212),
(1212300, 'LUBUK PAKAM', 1212),
(1212310, 'PAGAR MERBAU', 1212),
(1213010, 'BOHOROK', 1213),
(1213011, 'SIRAPIT', 1213),
(1213020, 'SALAPIAN', 1213),
(1213021, 'KUTAMBARU', 1213),
(1213030, 'SEI BINGAI', 1213),
(1213040, 'KUALA', 1213),
(1213050, 'SELESAI', 1213),
(1213060, 'BINJAI', 1213),
(1213070, 'STABAT', 1213),
(1213080, 'WAMPU', 1213),
(1213090, 'BATANG SERANGAN', 1213),
(1213100, 'SAWIT SEBERANG', 1213),
(1213110, 'PADANG TUALANG', 1213),
(1213120, 'HINAI', 1213),
(1213130, 'SECANGGANG', 1213),
(1213140, 'TANJUNG PURA', 1213),
(1213150, 'GEBANG', 1213),
(1213160, 'BABALAN', 1213),
(1213170, 'SEI LEPAN', 1213),
(1213180, 'BRANDAN BARAT', 1213),
(1213190, 'BESITANG', 1213),
(1213200, 'PANGKALAN SUSU', 1213),
(1213201, 'PEMATANG JAYA', 1213),
(1214010, 'HIBALA', 1214),
(1214011, 'TANAH MASA', 1214),
(1214020, 'PULAU-PULAU BATU', 1214),
(1214021, 'PULAU-PULAU BATU TIMUR', 1214),
(1214022, 'SIMUK', 1214),
(1214023, 'PULAU-PULAU BATU BARAT', 1214),
(1214024, 'PULAU-PULAU BATU UTARA', 1214),
(1214030, 'TELUK DALAM', 1214),
(1214031, 'FANAYAMA', 1214),
(1214032, 'TOMA', 1214),
(1214033, 'MANIAMOLO', 1214),
(1214034, 'MAZINO', 1214),
(1214035, 'LUAHAGUNDRE MANIAMOLO', 1214),
(1214036, 'ONOLALU', 1214),
(1214040, 'AMANDRAYA', 1214),
(1214041, 'ARAMO', 1214),
(1214042, 'ULUSUSUA', 1214),
(1214050, 'LAHUSA', 1214),
(1214051, 'SIDUAORI', 1214),
(1214052, 'SOMAMBAWA', 1214),
(1214060, 'GOMO', 1214),
(1214061, 'SUSUA', 1214),
(1214062, 'MAZO', 1214),
(1214063, 'UMBUNASI', 1214),
(1214064, 'IDANOTAE', 1214),
(1214065, 'ULUIDANOTAE', 1214),
(1214066, 'BORONADU', 1214),
(1214070, 'LOLOMATUA', 1214),
(1214071, 'ULUNOYO', 1214),
(1214072, 'HURUNA', 1214),
(1214080, 'LOLOWA\'U', 1214),
(1214081, 'HILIMEGAI', 1214),
(1214082, 'OOU', 1214),
(1214083, 'ONOHAZUMBA', 1214),
(1214084, 'HILISALAWAAHE', 1214),
(1215010, 'PAKKAT', 1215),
(1215020, 'ONAN GANJANG', 1215),
(1215030, 'SIJAMA POLANG', 1215),
(1215040, 'DOLOK SANGGUL', 1215),
(1215050, 'LINTONG NIHUTA', 1215),
(1215060, 'PARANGINAN', 1215),
(1215070, 'BAKTI RAJA', 1215),
(1215080, 'POLLUNG', 1215),
(1215090, 'PARLILITAN', 1215),
(1215100, 'TARA BINTANG', 1215),
(1216010, 'SALAK', 1216),
(1216011, 'SITELLU TALI URANG JEHE', 1216),
(1216012, 'PAGINDAR', 1216),
(1216013, 'SITELLU TALI URANG JULU', 1216),
(1216014, 'PERGETTENG-GETTENG SENGKUT', 1216),
(1216020, 'KERAJAAN', 1216),
(1216021, 'TINADA', 1216),
(1216022, 'SIEMPAT RUBE', 1216),
(1217010, 'SIANJUR MULA MULA', 1217),
(1217020, 'HARIAN', 1217),
(1217030, 'SITIO-TIO', 1217),
(1217040, 'ONAN RUNGGU', 1217),
(1217050, 'NAINGGOLAN', 1217),
(1217060, 'PALIPI', 1217),
(1217070, 'RONGGUR NIHUTA', 1217),
(1217080, 'PANGURURAN', 1217),
(1217090, 'SIMANINDO', 1217),
(1218010, 'KOTARIH', 1218),
(1218011, 'SILINDA', 1218),
(1218012, 'BINTANG BAYU', 1218),
(1218020, 'DOLOK MASIHUL', 1218),
(1218021, 'SERBAJADI', 1218),
(1218030, 'SIPISPIS', 1218),
(1218040, 'DOLOK MERAWAN', 1218),
(1218050, 'TEBINGTINGGI', 1218),
(1218051, 'TEBING SYAHBANDAR', 1218),
(1218060, 'BANDAR KHALIPAH', 1218),
(1218070, 'TANJUNG BERINGIN', 1218),
(1218080, 'SEI RAMPAH', 1218),
(1218081, 'SEI BAMBAN', 1218),
(1218090, 'TELUK MENGKUDU', 1218),
(1218100, 'PERBAUNGAN', 1218),
(1218101, 'PEGAJAHAN', 1218),
(1218110, 'PANTAI CERMIN', 1218),
(1219010, 'SEI BALAI', 1219),
(1219020, 'TANJUNG TIRAM', 1219),
(1219030, 'TALAWI', 1219),
(1219040, 'LIMAPULUH', 1219),
(1219050, 'AIR PUTIH', 1219),
(1219060, 'SEI SUKA', 1219),
(1219070, 'MEDANG DERAS', 1219),
(1220010, 'BATANG ONANG', 1220),
(1220020, 'PADANG BOLAK JULU', 1220),
(1220030, 'PORTIBI', 1220),
(1220040, 'PADANG BOLAK', 1220),
(1220050, 'SIMANGAMBAT', 1220),
(1220060, 'HALONGONAN', 1220),
(1220070, 'DOLOK', 1220),
(1220080, 'DOLOK SIGOMPULON', 1220),
(1220090, 'HULU SIHAPAS', 1220),
(1221010, 'SOSOPAN', 1221),
(1221020, 'ULU BARUMUN', 1221),
(1221030, 'BARUMUN', 1221),
(1221031, 'BARUMUN SELATAN', 1221),
(1221040, 'LUBUK BARUMUN', 1221),
(1221050, 'SOSA', 1221),
(1221060, 'BATANG LUBU SUTAM', 1221),
(1221070, 'HUTA RAJA TINGGI', 1221),
(1221080, 'HURISTAK', 1221),
(1221090, 'BARUMUN TENGAH', 1221),
(1221091, 'AEK NABARA BARUMUN', 1221),
(1221092, 'SIHAPAS BARUMUN', 1221),
(1222010, 'SUNGAI KANAN', 1222),
(1222020, 'TORGAMBA', 1222),
(1222030, 'KOTA PINANG', 1222),
(1222040, 'SILANGKITANG', 1222),
(1222050, 'KAMPUNG RAKYAT', 1222),
(1223010, 'NA IX-X', 1223),
(1223020, 'MARBAU', 1223),
(1223030, 'AEK KUO', 1223),
(1223040, 'AEK NATAS', 1223),
(1223050, 'KUALUH SELATAN', 1223),
(1223060, 'KUALUH HILIR', 1223),
(1223070, 'KUALUH HULU', 1223),
(1223080, 'KUALUH LEIDONG', 1223),
(1224010, 'TUGALA OYO', 1224),
(1224020, 'ALASA', 1224),
(1224030, 'ALASA TALU MUZOI', 1224),
(1224040, 'NAMOHALU ESIWA', 1224),
(1224050, 'SITOLU ORI', 1224),
(1224060, 'TUHEMBERUA', 1224),
(1224070, 'SAWO', 1224),
(1224080, 'LOTU', 1224),
(1224090, 'LAHEWA TIMUR', 1224),
(1224100, 'AFULU', 1224),
(1224110, 'LAHEWA', 1224),
(1225010, 'SIROMBU', 1225),
(1225020, 'LAHOMI', 1225),
(1225030, 'ULU MORO O', 1225),
(1225040, 'LOLOFITU MOI', 1225),
(1225050, 'MANDREHE UTARA', 1225),
(1225060, 'MANDREHE', 1225),
(1225070, 'MANDREHE BARAT', 1225),
(1225080, 'MORO O', 1225),
(1271010, 'SIBOLGA UTARA', 1271),
(1271020, 'SIBOLGA KOTA', 1271),
(1271030, 'SIBOLGA SELATAN', 1271),
(1271031, 'SIBOLGA SAMBAS', 1271),
(1272010, 'DATUK BANDAR', 1272),
(1272011, 'DATUK BANDAR TIMUR', 1272),
(1272020, 'TANJUNG BALAI SELATAN', 1272),
(1272030, 'TANJUNG BALAI UTARA', 1272),
(1272040, 'SEI TUALANG RASO', 1272),
(1272050, 'TELUK NIBUNG', 1272),
(1273010, 'SIANTAR MARIHAT', 1273),
(1273011, 'SIANTAR MARIMBUN', 1273),
(1273020, 'SIANTAR SELATAN', 1273),
(1273030, 'SIANTAR BARAT', 1273),
(1273040, 'SIANTAR UTARA', 1273),
(1273050, 'SIANTAR TIMUR', 1273),
(1273060, 'SIANTAR MARTOBA', 1273),
(1273061, 'SIANTAR SITALASARI', 1273),
(1274010, 'PADANG HULU', 1274),
(1274011, 'TEBING TINGGI KOTA', 1274),
(1274020, 'RAMBUTAN', 1274),
(1274021, 'BAJENIS', 1274),
(1274030, 'PADANG HILIR', 1274),
(1275010, 'MEDAN TUNTUNGAN', 1275),
(1275020, 'MEDAN JOHOR', 1275),
(1275030, 'MEDAN AMPLAS', 1275),
(1275040, 'MEDAN DENAI', 1275),
(1275050, 'MEDAN AREA', 1275),
(1275060, 'MEDAN KOTA', 1275),
(1275070, 'MEDAN MAIMUN', 1275),
(1275080, 'MEDAN POLONIA', 1275),
(1275090, 'MEDAN BARU', 1275),
(1275100, 'MEDAN SELAYANG', 1275),
(1275110, 'MEDAN SUNGGAL', 1275),
(1275120, 'MEDAN HELVETIA', 1275),
(1275130, 'MEDAN PETISAH', 1275),
(1275140, 'MEDAN BARAT', 1275),
(1275150, 'MEDAN TIMUR', 1275),
(1275160, 'MEDAN PERJUANGAN', 1275),
(1275170, 'MEDAN TEMBUNG', 1275),
(1275180, 'MEDAN DELI', 1275),
(1275190, 'MEDAN LABUHAN', 1275),
(1275200, 'MEDAN MARELAN', 1275),
(1275210, 'MEDAN BELAWAN', 1275),
(1276010, 'BINJAI SELATAN', 1276),
(1276020, 'BINJAI KOTA', 1276),
(1276030, 'BINJAI TIMUR', 1276),
(1276040, 'BINJAI UTARA', 1276),
(1276050, 'BINJAI BARAT', 1276),
(1277010, 'PADANGSIDIMPUAN TENGGARA', 1277),
(1277020, 'PADANGSIDIMPUAN SELATAN', 1277),
(1277030, 'PADANGSIDIMPUAN BATUNADUA', 1277),
(1277040, 'PADANGSIDIMPUAN UTARA', 1277),
(1277050, 'PADANGSIDIMPUAN HUTAIMBARU', 1277),
(1277051, 'PADANGSIDIMPUAN ANGKOLA JULU', 1277),
(1278010, 'GUNUNGSITOLI IDANOI', 1278),
(1278020, 'GUNUNGSITOLI SELATAN', 1278),
(1278030, 'GUNUNGSITOLI BARAT', 1278),
(1278040, 'GUNUNG SITOLI', 1278),
(1278050, 'GUNUNGSITOLI ALO OA', 1278),
(1278060, 'GUNUNGSITOLI UTARA', 1278),
(1301011, 'PAGAI SELATAN', 1301),
(1301012, 'SIKAKAP', 1301),
(1301013, 'PAGAI UTARA', 1301),
(1301021, 'SIPORA SELATAN', 1301),
(1301022, 'SIPORA UTARA', 1301),
(1301030, 'SIBERUT SELATAN', 1301),
(1301031, 'SEBERUT BARAT DAYA', 1301),
(1301032, 'SIBERUT TENGAH', 1301),
(1301040, 'SIBERUT UTARA', 1301),
(1301041, 'SIBERUT BARAT', 1301),
(1302011, 'SILAUT', 1302),
(1302012, 'LUNANG', 1302),
(1302020, 'BASA AMPEK BALAI TAPAN', 1302),
(1302021, 'RANAH AMPEK HULU TAPAN', 1302),
(1302030, 'PANCUNG SOAL', 1302),
(1302031, 'AIRPURA', 1302),
(1302040, 'LINGGO SARI BAGANTI', 1302),
(1302050, 'RANAH PESISIR', 1302),
(1302060, 'LENGAYANG', 1302),
(1302070, 'SUTERA', 1302),
(1302080, 'BATANG KAPAS', 1302),
(1302090, 'IV JURAI', 1302),
(1302100, 'BAYANG', 1302),
(1302101, 'IV  NAGARI BAYANG UTARA', 1302),
(1302110, 'KOTO XI TARUSAN', 1302),
(1303040, 'PANTAI CERMIN', 1303),
(1303050, 'LEMBAH GUMANTI', 1303),
(1303051, 'HILIRAN GUMANTI', 1303),
(1303060, 'PAYUNG SEKAKI', 1303),
(1303061, 'TIGO LURAH', 1303),
(1303070, 'LEMBANG JAYA', 1303),
(1303071, 'DANAU KEMBAR', 1303),
(1303080, 'GUNUNG TALANG', 1303),
(1303090, 'BUKIT SUNDI', 1303),
(1303100, 'IX KOTO SUNGAI LASI', 1303),
(1303110, 'KUBUNG', 1303),
(1303120, 'X KOTO DIATAS', 1303),
(1303130, 'X KOTO SINGKARAK', 1303),
(1303140, 'JUNJUNG SIRIH', 1303),
(1304050, 'KAMANG BARU', 1304),
(1304060, 'TANJUNG GADANG', 1304),
(1304070, 'SIJUNJUNG', 1304),
(1304071, 'LUBUK TAROK', 1304),
(1304080, 'IV NAGARI', 1304),
(1304090, 'KUPITAN', 1304),
(1304100, 'KOTO TUJUH', 1304),
(1304110, 'SUMPUR KUDUS', 1304),
(1305010, 'SEPULUH KOTO', 1305),
(1305020, 'BATIPUH', 1305),
(1305021, 'BATIPUH SELATAN', 1305),
(1305030, 'PARIANGAN', 1305),
(1305040, 'RAMBATAN', 1305),
(1305050, 'LIMA KAUM', 1305),
(1305060, 'TANJUNG EMAS', 1305),
(1305070, 'PADANG GANTING', 1305),
(1305080, 'LINTAU BUO', 1305),
(1305081, 'LINTAU BUO UTARA', 1305),
(1305090, 'SUNGAYANG', 1305),
(1305100, 'SUNGAI TARAB', 1305),
(1305110, 'SALIMPAUNG', 1305),
(1305111, 'TANJUNG BARU', 1305),
(1306010, 'BATANG ANAI', 1306),
(1306020, 'LUBUK ALUNG', 1306),
(1306021, 'SINTUK TOBOH GADANG', 1306),
(1306030, 'ULAKAN TAPAKIS', 1306),
(1306040, 'NAN SABARIS', 1306),
(1306050, '2 X 11 ENAM LINGKUNG', 1306),
(1306051, 'ENAM LINGKUNG', 1306),
(1306052, '2 X 11 KAYU TANAM', 1306),
(1306060, 'VII KOTO SUNGAI SARIAK', 1306),
(1306061, 'PATAMUAN', 1306),
(1306062, 'PADANG SAGO', 1306),
(1306070, 'V KOTO KP DALAM', 1306),
(1306071, 'V KOTO TIMUR', 1306),
(1306080, 'SUNGAI LIMAU', 1306),
(1306081, 'BATANG GASAN', 1306),
(1306090, 'SUNGAI GERINGGING', 1306),
(1306100, 'IV KOTO AUR MALINTANG', 1306),
(1307010, 'TANJUNG MUTIARA', 1307),
(1307020, 'LUBUK BASUNG', 1307),
(1307021, 'AMPEK NAGARI', 1307),
(1307030, 'TANJUNG RAYA', 1307),
(1307040, 'MATUR', 1307),
(1307050, 'IV KOTO', 1307),
(1307051, 'MALALAK', 1307),
(1307061, 'BANUHAMPU', 1307),
(1307062, 'SUNGAI PUA', 1307),
(1307070, 'AMPEK ANGKEK', 1307),
(1307071, 'CANDUANG', 1307),
(1307080, 'BASO', 1307),
(1307090, 'TILATANG KAMANG', 1307),
(1307091, 'KAMANG MAGEK', 1307),
(1307100, 'PALEMBAYAN', 1307),
(1307110, 'PALUPUH', 1307),
(1308010, 'PAYAKUMBUH', 1308),
(1308011, 'AKABILURU', 1308),
(1308020, 'LUAK', 1308),
(1308021, 'LAREH SAGO HALABAN', 1308),
(1308022, 'SITUJUAH LIMO NAGARI', 1308),
(1308030, 'HARAU', 1308),
(1308040, 'GUGUAK', 1308),
(1308041, 'MUNGKA', 1308),
(1308050, 'SULIKI', 1308),
(1308051, 'BUKIK BARISAN', 1308),
(1308060, 'GUNUANG OMEH', 1308),
(1308070, 'KAPUR IX', 1308),
(1308080, 'PANGKALAN KOTO BARU', 1308),
(1309070, 'BONJOL', 1309),
(1309071, 'TIGO NAGARI', 1309),
(1309072, 'SIMPANG ALAHAN MATI', 1309),
(1309080, 'LUBUK SIKAPING', 1309),
(1309100, 'DUA KOTO', 1309),
(1309110, 'PANTI', 1309),
(1309111, 'PADANG GELUGUR', 1309),
(1309121, 'RAO', 1309),
(1309122, 'MAPAT TUNGGUL', 1309),
(1309123, 'MAPAT TUNGGUL SELATAN', 1309),
(1309124, 'RAO SELATAN', 1309),
(1309125, 'RAO UTARA', 1309),
(1310010, 'SANGIR', 1310),
(1310020, 'SANGIR JUJUAN', 1310),
(1310021, 'SANGIR BALAI JANGGO', 1310),
(1310030, 'SANGIR BATANG HARI', 1310),
(1310040, 'SUNGAI PAGU', 1310),
(1310041, 'PAUAH DUO', 1310),
(1310050, 'KOTO PARIK GADANG DIATEH', 1310),
(1311010, 'SUNGAI RUMBAI', 1311),
(1311011, 'KOTO BESAR', 1311),
(1311012, 'ASAM JUJUHAN', 1311),
(1311020, 'KOTO BARU', 1311),
(1311021, 'KOTO SALAK', 1311),
(1311022, 'TIUMANG', 1311),
(1311023, 'PADANG LAWEH', 1311),
(1311030, 'SITIUNG', 1311),
(1311031, 'TIMPEH', 1311),
(1311040, 'PULAU PUNJUNG', 1311),
(1311041, 'IX KOTO', 1311),
(1312010, 'SUNGAI BEREMAS', 1312),
(1312020, 'RANAH BATAHAN', 1312),
(1312030, 'KOTO BALINGKA', 1312),
(1312040, 'SUNGAI AUR', 1312),
(1312050, 'LEMBAH MALINTANG', 1312),
(1312060, 'GUNUNG TULEH', 1312),
(1312070, 'TALAMAU', 1312),
(1312080, 'PASAMAN', 1312),
(1312090, 'LUHAK NAN DUO', 1312),
(1312100, 'SASAK RANAH PASISIE', 1312),
(1312110, 'KINALI', 1312),
(1371010, 'BUNGUS TELUK KABUNG', 1371),
(1371020, 'LUBUK KILANGAN', 1371),
(1371030, 'LUBUK BEGALUNG', 1371),
(1371040, 'PADANG SELATAN', 1371),
(1371050, 'PADANG TIMUR', 1371),
(1371060, 'PADANG BARAT', 1371),
(1371070, 'PADANG UTARA', 1371),
(1371080, 'NANGGALO', 1371),
(1371090, 'KURANJI', 1371),
(1371100, 'PAUH', 1371),
(1371110, 'KOTO TANGAH', 1371),
(1372010, 'LUBUK SIKARAH', 1372),
(1372020, 'TANJUNG HARAPAN', 1372),
(1373010, 'SILUNGKANG', 1373),
(1373020, 'LEMBAH SEGAR', 1373),
(1373030, 'BARANGIN', 1373),
(1373040, 'TALAWI', 1373),
(1374010, 'PADANG PANJANG BARAT', 1374),
(1374020, 'PADANG PANJANG TIMUR', 1374),
(1375010, 'GUGUK PANJANG', 1375),
(1375020, 'MANDIANGIN KOTO SELAYAN', 1375),
(1375030, 'AUR BIRUGO TIGO BALEH', 1375),
(1376010, 'PAYAKUMBUH BARAT', 1376),
(1376011, 'PAYAKUMBUH SELATAN', 1376),
(1376020, 'PAYAKUMBUH TIMUR', 1376),
(1376030, 'PAYAKUMBUH UTARA', 1376),
(1376031, 'LAMPOSI TIGO NAGORI', 1376),
(1377010, 'PARIAMAN SELATAN', 1377),
(1377020, 'PARIAMAN TENGAH', 1377),
(1377021, 'PARIAMAN TIMUR', 1377),
(1377030, 'PARIAMAN UTARA', 1377),
(1401010, 'KUANTAN MUDIK', 1401),
(1401011, 'HULU KUANTAN', 1401),
(1401012, 'GUNUNG TOAR', 1401),
(1401013, 'PUCUK RANTAU', 1401),
(1401020, 'SINGINGI', 1401),
(1401021, 'SINGINGI HILIR', 1401),
(1401030, 'KUANTAN TENGAH', 1401),
(1401031, 'SENTAJO RAYA', 1401),
(1401040, 'BENAI', 1401),
(1401050, 'KUANTAN HILIR', 1401),
(1401051, 'PANGEAN', 1401),
(1401052, 'LOGAS TANAH DARAT', 1401),
(1401053, 'KUANTAN HILIR SEBERANG', 1401),
(1401060, 'CERENTI', 1401),
(1401061, 'INUMAN', 1401),
(1402010, 'PERANAP', 1402),
(1402011, 'BATANG PERANAP', 1402),
(1402020, 'SEBERIDA', 1402),
(1402021, 'BATANG CENAKU', 1402),
(1402022, 'BATANG GANSAL', 1402),
(1402030, 'KELAYANG', 1402),
(1402031, 'RAKIT KULIM', 1402),
(1402040, 'PASIR PENYU', 1402),
(1402041, 'LIRIK', 1402),
(1402042, 'SUNGAI LALA', 1402),
(1402043, 'LUBUK BATU JAYA', 1402),
(1402050, 'RENGAT BARAT', 1402),
(1402060, 'RENGAT', 1402),
(1402061, 'KUALA CENAKU', 1402),
(1403010, 'KERITANG', 1403),
(1403011, 'KEMUNING', 1403),
(1403020, 'RETEH', 1403),
(1403021, 'SUNGAI BATANG', 1403),
(1403030, 'ENOK', 1403),
(1403040, 'TANAH MERAH', 1403),
(1403050, 'KUALA INDRAGIRI', 1403),
(1403051, 'CONCONG', 1403),
(1403060, 'TEMBILAHAN', 1403),
(1403061, 'TEMBILAHAN HULU', 1403),
(1403070, 'TEMPULING', 1403),
(1403071, 'KEMPAS', 1403),
(1403080, 'BATANG TUAKA', 1403),
(1403090, 'GAUNG ANAK SERKA', 1403),
(1403100, 'GAUNG', 1403),
(1403110, 'MANDAH', 1403),
(1403120, 'KATEMAN', 1403),
(1403121, 'PELANGIRAN', 1403),
(1403122, 'TELUK BELENGKONG', 1403),
(1403123, 'PULAU BURUNG', 1403),
(1404010, 'LANGGAM', 1404),
(1404011, 'PANGKALAN KERINCI', 1404),
(1404012, 'BANDAR SEIKIJANG', 1404),
(1404020, 'PANGKALAN KURAS', 1404),
(1404021, 'UKUI', 1404),
(1404022, 'PANGKALAN LESUNG', 1404),
(1404030, 'BUNUT', 1404),
(1404031, 'PELALAWAN', 1404),
(1404032, 'BANDAR PETALANGAN', 1404),
(1404040, 'KUALA KAMPAR', 1404),
(1404041, 'KERUMUTAN', 1404),
(1404042, 'TELUK MERANTI', 1404),
(1405010, 'MINAS', 1405),
(1405011, 'SUNGAI MANDAU', 1405),
(1405012, 'KANDIS', 1405),
(1405020, 'SIAK', 1405),
(1405021, 'KERINCI KANAN', 1405),
(1405022, 'TUALANG', 1405),
(1405023, 'DAYUN', 1405),
(1405024, 'LUBUK DALAM', 1405),
(1405025, 'KOTO GASIB', 1405),
(1405026, 'MEMPURA', 1405),
(1405030, 'SUNGAI APIT', 1405);

-- --------------------------------------------------------

--
-- Table structure for table `konfirmasi`
--

CREATE TABLE `konfirmasi` (
  `id_konfirmasi` int(20) NOT NULL,
  `id_pembelian` int(20) DEFAULT NULL,
  `tgl_bayar` date DEFAULT NULL,
  `bank_tujuan` varchar(30) DEFAULT NULL,
  `jml_bayar` int(10) DEFAULT NULL,
  `no_rek` int(20) DEFAULT NULL,
  `atas_nama` varchar(30) DEFAULT NULL,
  `keterangan` text,
  `url_konfirmasi` text
) ENGINE=InnoDB DEFAULT CHARSET=latin1;

--
-- Dumping data for table `konfirmasi`
--

INSERT INTO `konfirmasi` (`id_konfirmasi`, `id_pembelian`, `tgl_bayar`, `bank_tujuan`, `jml_bayar`, `no_rek`, `atas_nama`, `keterangan`, `url_konfirmasi`) VALUES
(3, 4, '2018-04-24', '2123', 22, 123123, 'asdasd', '', 'uploads/3.png');

-- --------------------------------------------------------

--
-- Table structure for table `menu_kategori`
--

CREATE TABLE `menu_kategori` (
  `id_menu` int(20) NOT NULL,
  `nama_kategori` varchar(30) NOT NULL
) ENGINE=InnoDB DEFAULT CHARSET=latin1;

--
-- Dumping data for table `menu_kategori`
--

INSERT INTO `menu_kategori` (`id_menu`, `nama_kategori`) VALUES
(2, 'Skincare'),
(3, 'Bodycare'),
(4, 'Lipcare'),
(5, 'Haircare');

-- --------------------------------------------------------

--
-- Table structure for table `pembelian`
--

CREATE TABLE `pembelian` (
  `id_pembelian` int(20) NOT NULL,
  `tgl_pembelian` datetime DEFAULT NULL,
  `total_bayar` decimal(10,0) DEFAULT NULL,
  `status_bayar` enum('Belum bayar','Sudah bayar') DEFAULT 'Belum bayar',
  `status_pembelian` enum('Sedang diproses','Sudah dikirim','Belum dikirim','Selesai') DEFAULT 'Belum dikirim',
  `id_alamat` int(20) DEFAULT NULL
) ENGINE=InnoDB DEFAULT CHARSET=latin1;

--
-- Dumping data for table `pembelian`
--

INSERT INTO `pembelian` (`id_pembelian`, `tgl_pembelian`, `total_bayar`, `status_bayar`, `status_pembelian`, `id_alamat`) VALUES
(4, '2018-04-24 08:53:16', '270000', 'Sudah bayar', 'Sudah dikirim', 1);

-- --------------------------------------------------------

--
-- Table structure for table `pengiriman`
--

CREATE TABLE `pengiriman` (
  `id_kirim` int(20) NOT NULL,
  `tgl_kirim` date DEFAULT NULL,
  `no_resi` varchar(15) DEFAULT NULL,
  `ket_kirim` text,
  `id_pembelian` int(20) DEFAULT NULL
) ENGINE=InnoDB DEFAULT CHARSET=latin1;

--
-- Dumping data for table `pengiriman`
--

INSERT INTO `pengiriman` (`id_kirim`, `tgl_kirim`, `no_resi`, `ket_kirim`, `id_pembelian`) VALUES
(1, '2018-04-24', '123', '', 4);

-- --------------------------------------------------------

--
-- Table structure for table `produk`
--

CREATE TABLE `produk` (
  `id_produk` int(20) NOT NULL,
  `nama_produk` varchar(100) NOT NULL,
  `ket_produk` text NOT NULL,
  `harga` int(10) NOT NULL,
  `stok` varchar(10) NOT NULL,
  `berat` decimal(10,0) DEFAULT NULL,
  `url_image` varchar(100) NOT NULL,
  `id_menu` int(20) NOT NULL
) ENGINE=InnoDB DEFAULT CHARSET=latin1;

--
-- Dumping data for table `produk`
--

INSERT INTO `produk` (`id_produk`, `nama_produk`, `ket_produk`, `harga`, `stok`, `berat`, `url_image`, `id_menu`) VALUES
(31, 'Acne Facial Wash Beautysky', 'diperkaya dengan kandungan anti acne dan extract tea tree yang membantu membersihkan wajah dari kotoran, debu dam make up.', 35000, '100', NULL, '', 2),
(32, 'Acne Toner Beautysky', 'menyegarkan, merawat, dan membantu mengurangi timbulnya jerawat.', 35000, '100', NULL, '32.jpg', 2),
(33, 'Acne Cream Beautysky', 'cream yang dapat mengurangi minyak pada wajah dan merawat kulit yang berjerawat.', 50000, '100', NULL, '33.jpg', 2),
(34, 'Acne Day Cream', 'dengan formula lembut dan ringan, dapat merawat kulit wajah yang berjerawat. Menutrisi kulit dan membantu wajah dari paparan sinar matahari.', 100000, '100', NULL, '34.png', 2),
(35, 'Acne Night Cream', 'diformulasikan untuk merawat kulit yang berjerawat dan membantu mencegah timbulnya jerawat baru, mengurangi minyak berlebih, mengecilkan pori-pori, dan mencerahkan kulit wajah.', 100000, '100', NULL, '35.png', 2),
(36, 'Brightening Facial Wash', 'membersihkan kulit dari kotoran, debu, dan sisa makeup, kandungan whitening agent dan moisturizernya menjadikan kulit tampak lebih cerah, lembut, halus dan tidak kering.', 35000, '100', NULL, '36.png', 2),
(37, 'Whitening Toner', 'dengan kandungan kojic acid untuk mencerahkan kulit wajah, membantu menyegarkan melembabkan, mengangkat sel kulit mati, dan menjaga permukaan wajah tampak lebih halus dan cerah.', 35000, '100', NULL, '37.png', 2),
(38, 'Whitening Vitamin Cream', 'dengan kandungan moisturizer dan nutrisinya menjadikan kulit lebih lembut, halus dan tetap sehat sehingga kulit tampak lebih cerah dan terawat.', 50000, '100', NULL, '38.jpg', 2),
(39, 'Flawless Whitening Day Cream', 'dengan kandungan arbutin, vitamin c dan AHA untuk membantu membuat wajah tampak lebih cerah, bercahaya, mengangkat sel kulit mati pada kulit agar terlihat lebih segar dan tidak kusam sehingga tampak lebih cerah dan bercahaya.', 100000, '100', NULL, '39.png', 2),
(40, 'Whitening Night Cream', 'cream yang diformulasikan khusus pada wajah dengan kandungan whitening agent aktif seperti arbutin, kjic acid extract, mulberry, vitamin c dan AHA yang dapat membantu wajah tampak lebih cerah dan bercahaya.', 100000, '100', NULL, '40.png', 2),
(41, 'Hairmask Beautysky', 'Masker rambut yang berfungsi untuk mengobati rambut yang sudah sangat rusak karena sering melakukan proses kimia pada rambut', 120000, '44', NULL, '41.jpg', 5),
(48, 'White Booster Femme', 'Hand & body lotion yang berfungsi untuk melembabkan sekaligus memutihkan, serta mengandung anti-UV yang baik untuk kulit.', 100000, '5', NULL, '48.jpg', 3),
(49, 'White Booster Homme', 'Hand & body lotion yang berfungsi untuk melembabkan sekaligus memutihkan, serta mengandung anti-UV yang baik untuk kulit.', 100000, '50', NULL, '49.jpg', 3),
(50, 'Acne Night Cream Kylaskin', 'Melembabkan, menghilangkan jerawat dan noda hitam pada kulit wajah.', 80000, '50', NULL, '50.jpg', 2),
(51, 'Acne Day Cream Kylaskin', 'Melindungi kulit dari sinar matahari, melembabkan, dan mengontrol minyak pada kulit wajah di siang hari.', 80000, '50', NULL, '51.jpg', 2),
(52, 'Skyderm Eye Contour Beautysky', 'Menyamarkan kerutan dan merawat elastisitas kulit sekitaran mata.', 150000, '25', NULL, '52.jpg', 2),
(53, 'Skyderm Expert Intense Pink Lip Treatment Beautysky', 'Memberikan warna pink alami pada bibir, menjaga kelembaban bibir dan menutrisi bibir.', 150000, '19', NULL, '53.jpg', 4),
(54, 'Skyderm Tightening Serum', 'Melembabkan, menyamarkan tanda penuaan dini, merawat elastisitas dan mengencangkang kulit wajah.', 200000, '25', NULL, '54.jpg', 2),
(55, 'Acne Facial Wash Kylaskin', 'Membersihkan dan memutihkan kulit wajah serta memberikan sensasi dingin dan menenangkan pada kulit.', 50000, '100', NULL, '55.jpg', 2),
(56, 'Acne Face Toner Kylaskin', 'mengandung anti-bakteri, membantu memelihara kulit, merawat pori-pori, dan menghilangkan bintik hitam pada wajah', 50000, '100', NULL, '56.jpg', 2),
(57, 'Brightening Face Toner Kylaskin', 'Menghilangkan bintik hitam, memutihkan, melembabkan serta merawat pori-pori pada kulit wajah.', 50000, '100', NULL, '57.jpg', 2),
(58, 'Brightening Night Cream Kylaskin', 'Membuat kulit nampak lebih putih, meningkatkan kolagen  pada kulit wajah serta mencegah penuaan dini.', 80000, '100', NULL, '58.jpg', 2),
(59, 'Brightening Day Cream Kylaskin', 'Melembabkan, mengontrol minyak dan melindungi kulit wajah dari sinar matahari.', 80000, '100', NULL, '59.jpg', 2),
(60, 'Brightening Facial Wash Kylaskin', 'Membersihkan dan memutihkan kulit wajah serta memberikan  efek dingin dan menenangkan.', 50000, '100', NULL, '60.jpg', 2);

-- --------------------------------------------------------

--
-- Table structure for table `provinsi`
--

CREATE TABLE `provinsi` (
  `id_prov` int(20) NOT NULL,
  `nama_prov` varchar(30) NOT NULL
) ENGINE=InnoDB DEFAULT CHARSET=latin1;

--
-- Dumping data for table `provinsi`
--

INSERT INTO `provinsi` (`id_prov`, `nama_prov`) VALUES
(11, 'ACEH'),
(12, 'SUMATERA UTARA'),
(13, 'SUMATERA BARAT'),
(14, 'RIAU'),
(15, 'JAMBI'),
(16, 'SUMATERA SELATAN'),
(17, 'BENGKULU'),
(18, 'LAMPUNG'),
(19, 'KEPULAUAN BANGKA BELITUNG'),
(21, 'KEPULAUAN RIAU'),
(31, 'DKI JAKARTA'),
(32, 'JAWA BARAT'),
(33, 'JAWA TENGAH'),
(34, 'DI YOGYAKARTA'),
(35, 'JAWA TIMUR'),
(36, 'BANTEN'),
(51, 'BALI'),
(52, 'NUSA TENGGARA BARAT'),
(53, 'NUSA TENGGARA TIMUR'),
(61, 'KALIMANTAN BARAT'),
(62, 'KALIMANTAN TENGAH'),
(63, 'KALIMANTAN SELATAN'),
(64, 'KALIMANTAN TIMUR'),
(65, 'KALIMANTAN UTARA'),
(71, 'SULAWESI UTARA'),
(72, 'SULAWESI TENGAH'),
(73, 'SULAWESI SELATAN'),
(74, 'SULAWESI TENGGARA'),
(75, 'GORONTALO'),
(76, 'SULAWESI BARAT'),
(81, 'MALUKU'),
(82, 'MALUKU UTARA'),
(91, 'PAPUA BARAT'),
(94, 'PAPUA');

--
-- Indexes for dumped tables
--

--
-- Indexes for table `com_preferences`
--
ALTER TABLE `com_preferences`
  ADD PRIMARY KEY (`id`);

--
-- Indexes for table `data_alamat`
--
ALTER TABLE `data_alamat`
  ADD PRIMARY KEY (`id_alamat`),
  ADD KEY `id_kec` (`id_kec`),
  ADD KEY `id_user` (`id_user`);

--
-- Indexes for table `data_promosi`
--
ALTER TABLE `data_promosi`
  ADD PRIMARY KEY (`id`);

--
-- Indexes for table `data_user`
--
ALTER TABLE `data_user`
  ADD PRIMARY KEY (`id_user`);

--
-- Indexes for table `detail_pembelian`
--
ALTER TABLE `detail_pembelian`
  ADD PRIMARY KEY (`id_detail`),
  ADD KEY `id_pemesanan` (`id_pembelian`),
  ADD KEY `id_produk` (`id_produk`);

--
-- Indexes for table `kabupaten`
--
ALTER TABLE `kabupaten`
  ADD PRIMARY KEY (`id_kab`),
  ADD KEY `id_prov` (`id_prov`);

--
-- Indexes for table `kecamatan`
--
ALTER TABLE `kecamatan`
  ADD PRIMARY KEY (`id_kec`),
  ADD KEY `id_kab` (`id_kab`);

--
-- Indexes for table `konfirmasi`
--
ALTER TABLE `konfirmasi`
  ADD PRIMARY KEY (`id_konfirmasi`),
  ADD KEY `id_pemesanan` (`id_pembelian`);

--
-- Indexes for table `menu_kategori`
--
ALTER TABLE `menu_kategori`
  ADD PRIMARY KEY (`id_menu`);

--
-- Indexes for table `pembelian`
--
ALTER TABLE `pembelian`
  ADD PRIMARY KEY (`id_pembelian`),
  ADD KEY `id_alamat` (`id_alamat`);

--
-- Indexes for table `pengiriman`
--
ALTER TABLE `pengiriman`
  ADD PRIMARY KEY (`id_kirim`),
  ADD KEY `id_pemesanan` (`id_pembelian`);

--
-- Indexes for table `produk`
--
ALTER TABLE `produk`
  ADD PRIMARY KEY (`id_produk`),
  ADD KEY `id_menu` (`id_menu`);

--
-- Indexes for table `provinsi`
--
ALTER TABLE `provinsi`
  ADD PRIMARY KEY (`id_prov`);

--
-- AUTO_INCREMENT for dumped tables
--

--
-- AUTO_INCREMENT for table `com_preferences`
--
ALTER TABLE `com_preferences`
  MODIFY `id` bigint(20) UNSIGNED NOT NULL AUTO_INCREMENT, AUTO_INCREMENT=13;

--
-- AUTO_INCREMENT for table `data_alamat`
--
ALTER TABLE `data_alamat`
  MODIFY `id_alamat` int(20) NOT NULL AUTO_INCREMENT, AUTO_INCREMENT=3;

--
-- AUTO_INCREMENT for table `data_promosi`
--
ALTER TABLE `data_promosi`
  MODIFY `id` tinyint(3) UNSIGNED NOT NULL AUTO_INCREMENT, AUTO_INCREMENT=3;

--
-- AUTO_INCREMENT for table `data_user`
--
ALTER TABLE `data_user`
  MODIFY `id_user` int(20) NOT NULL AUTO_INCREMENT, AUTO_INCREMENT=12;

--
-- AUTO_INCREMENT for table `detail_pembelian`
--
ALTER TABLE `detail_pembelian`
  MODIFY `id_detail` int(20) NOT NULL AUTO_INCREMENT, AUTO_INCREMENT=8;

--
-- AUTO_INCREMENT for table `konfirmasi`
--
ALTER TABLE `konfirmasi`
  MODIFY `id_konfirmasi` int(20) NOT NULL AUTO_INCREMENT, AUTO_INCREMENT=4;

--
-- AUTO_INCREMENT for table `menu_kategori`
--
ALTER TABLE `menu_kategori`
  MODIFY `id_menu` int(20) NOT NULL AUTO_INCREMENT, AUTO_INCREMENT=6;

--
-- AUTO_INCREMENT for table `pembelian`
--
ALTER TABLE `pembelian`
  MODIFY `id_pembelian` int(20) NOT NULL AUTO_INCREMENT, AUTO_INCREMENT=5;

--
-- AUTO_INCREMENT for table `pengiriman`
--
ALTER TABLE `pengiriman`
  MODIFY `id_kirim` int(20) NOT NULL AUTO_INCREMENT, AUTO_INCREMENT=2;

--
-- AUTO_INCREMENT for table `produk`
--
ALTER TABLE `produk`
  MODIFY `id_produk` int(20) NOT NULL AUTO_INCREMENT, AUTO_INCREMENT=61;

--
-- AUTO_INCREMENT for table `provinsi`
--
ALTER TABLE `provinsi`
  MODIFY `id_prov` int(20) NOT NULL AUTO_INCREMENT, AUTO_INCREMENT=95;

--
-- Constraints for dumped tables
--

--
-- Constraints for table `data_alamat`
--
ALTER TABLE `data_alamat`
  ADD CONSTRAINT `data_alamat_ibfk_1` FOREIGN KEY (`id_kec`) REFERENCES `kecamatan` (`id_kec`) ON DELETE CASCADE ON UPDATE CASCADE,
  ADD CONSTRAINT `data_alamat_ibfk_2` FOREIGN KEY (`id_user`) REFERENCES `data_user` (`id_user`) ON DELETE CASCADE ON UPDATE CASCADE;

--
-- Constraints for table `detail_pembelian`
--
ALTER TABLE `detail_pembelian`
  ADD CONSTRAINT `detail_pembelian_ibfk_1` FOREIGN KEY (`id_pembelian`) REFERENCES `pembelian` (`id_pembelian`) ON DELETE CASCADE ON UPDATE CASCADE,
  ADD CONSTRAINT `detail_pembelian_ibfk_2` FOREIGN KEY (`id_produk`) REFERENCES `produk` (`id_produk`) ON DELETE CASCADE ON UPDATE CASCADE;

--
-- Constraints for table `kabupaten`
--
ALTER TABLE `kabupaten`
  ADD CONSTRAINT `kabupaten_ibfk_1` FOREIGN KEY (`id_prov`) REFERENCES `provinsi` (`id_prov`) ON DELETE CASCADE ON UPDATE CASCADE;

--
-- Constraints for table `kecamatan`
--
ALTER TABLE `kecamatan`
  ADD CONSTRAINT `kecamatan_ibfk_1` FOREIGN KEY (`id_kab`) REFERENCES `kabupaten` (`id_kab`) ON DELETE CASCADE ON UPDATE CASCADE;

--
-- Constraints for table `konfirmasi`
--
ALTER TABLE `konfirmasi`
  ADD CONSTRAINT `konfirmasi_ibfk_1` FOREIGN KEY (`id_pembelian`) REFERENCES `pembelian` (`id_pembelian`) ON DELETE CASCADE ON UPDATE CASCADE;

--
-- Constraints for table `pembelian`
--
ALTER TABLE `pembelian`
  ADD CONSTRAINT `pembelian_ibfk_1` FOREIGN KEY (`id_alamat`) REFERENCES `data_alamat` (`id_alamat`) ON DELETE CASCADE ON UPDATE CASCADE;

--
-- Constraints for table `pengiriman`
--
ALTER TABLE `pengiriman`
  ADD CONSTRAINT `pengiriman_ibfk_1` FOREIGN KEY (`id_pembelian`) REFERENCES `pembelian` (`id_pembelian`) ON DELETE CASCADE ON UPDATE CASCADE;

--
-- Constraints for table `produk`
--
ALTER TABLE `produk`
  ADD CONSTRAINT `produk_ibfk_1` FOREIGN KEY (`id_menu`) REFERENCES `menu_kategori` (`id_menu`) ON DELETE CASCADE ON UPDATE CASCADE;
COMMIT;

/*!40101 SET CHARACTER_SET_CLIENT=@OLD_CHARACTER_SET_CLIENT */;
/*!40101 SET CHARACTER_SET_RESULTS=@OLD_CHARACTER_SET_RESULTS */;
/*!40101 SET COLLATION_CONNECTION=@OLD_COLLATION_CONNECTION */;
